-------------------- Log Start | Tue Sep 15 17:55:22 2026 --------------------
platform: Linux-6.12.96+rpt-rpi-v8-aarch64-with-glibc2.36
data_path: /home/voron/printer_data
is_default_data_path: False
config_file: /home/voron/printer_data/config/moonraker.conf
backup_config: /home/voron/printer_data/config/.moonraker.conf.bkp
startup_warnings: []
verbose: False
debug: False
asyncio_debug: False
is_backup_config: False
is_python_package: True
instance_uuid: 7d972c9d76ca4cd8b3b863091135e2a6
unix_socket_path: /home/voron/printer_data/comms/moonraker.sock
structured_logging: False
software_version: v0.11.0-0-g985c1d0
git_branch: master
git_remote: origin
git_repo_url: https://github.com/Arksine/moonraker.git
modified_files: []
unofficial_components: []
log_file: /home/voron/printer_data/logs/moonraker.log
python_version: 3.11.2 (main, May 12 2026, 05:17:27) [GCC 12.2.0]
launch_args: /home/voron/moonraker-env/bin/python /home/voron/moonraker/moonraker/__main__.py
msgspec_enabled: True
uvloop_enabled: True

#################### Moonraker Configuration ####################

[server]
host = 0.0.0.0
port = 7125
klippy_uds_address = ~/printer_data/comms/klippy.sock

[authorization]
trusted_clients = 
	192.168.0.0/16
	100.64.0.0/10
	10.0.0.0/8
	127.0.0.0/8
	169.254.0.0/16
	172.16.0.0/12
	fd7a:115c:a1e0::/48
	FE80::/10
	::1/128
cors_domains = 
	*.lan
	*.local
	*.local:*
	*://localhost
	*://localhost:*
	*://my.mainsail.xyz
	*://app.fluidd.xyz

[octoprint_compat]

[history]

[update_manager]
channel = dev
refresh_interval = 168

[update_manager mainsail]
path = ~/mainsail
repo = mainsail-crew/mainsail
channel = stable
type = web

[update_manager mainsail-config]
managed_services = klipper
origin = https://github.com/mainsail-crew/mainsail-config.git
path = ~/mainsail-config
primary_branch = master
type = git_repo

[update_manager KlipperScreen]
install_script = scripts/KlipperScreen-install.sh
requirements = scripts/KlipperScreen-requirements.txt
env = ~/.KlipperScreen-env/bin/python
managed_services = KlipperScreen
origin = https://github.com/KlipperScreen/KlipperScreen.git
path = ~/KlipperScreen
type = git_repo

[update_manager crowsnest]
type = git_repo
path = ~/crowsnest
origin = https://github.com/mainsail-crew/crowsnest.git
managed_services = crowsnest
install_script = tools/pkglist.sh

[update_manager sonar]
type = git_repo
path = ~/sonar
origin = https://github.com/mainsail-crew/sonar.git
primary_branch = main
managed_services = sonar
install_script = tools/install.sh

[update_manager timelapse]
type = git_repo
primary_branch = main
path = ~/moonraker-timelapse
origin = https://github.com/mainsail-crew/moonraker-timelapse.git
managed_services = klipper moonraker

[update_manager cartographer_plugin]
type = python
channel = stable
virtualenv = ~/klippy-env
project_name = cartographer3d-plugin
is_system_service = False
managed_services = klipper
info_tags = desc=Cartographer Plugin

[update_manager Klippain-ShakeTune]
type = git_repo
origin = https://github.com/Frix-x/klippain-shaketune.git
path = ~/klippain_shaketune
virtualenv = ~/klippy-env
requirements = requirements.txt
system_dependencies = system-dependencies.json
primary_branch = main
managed_services = klipper

[update_manager klipper-toolchanger-easy]
type = git_repo
path = ~/klipper-toolchanger-easy
origin = https://github.com/jwellman80/klipper-toolchanger-easy.git
managed_services = klipper
primary_branch = main

[update_manager All-Config-Voron]
type = git_repo
path = ~/All-Config-Voron
origin = https://github.com/IDcrazy123/All-Config-Voron.git
primary_branch = main
managed_services = klipper
install_script = config/scripts/install.sh

#################################################################
All Configuration Files:
/home/voron/printer_data/config/moonraker.conf
#################################################################
Loading Sqlite database provider. Sqlite Version: 3.40.1
Unsafe Shutdown Count: 283

System Info:

***python***
  version: (3, 11, 2, 'final', 0)
  version_string: 3.11.2 (main, May 12 2026, 05:17:27) [GCC 12.2.0]

***cpu_info***
  cpu_count: 4
  bits: 64bit
  processor: aarch64
  cpu_desc: 
  serial_number: 100000002b49334b
  hardware_desc: 
  model: Raspberry Pi Compute Module 4 Rev 1.1
  total_memory: 3701868
  memory_units: kB

***sd_info***
  manufacturer_id: 15
  manufacturer: Unknown
  oem_id: 0100
  product_name: BJTD4
  product_revision: 5.2
  serial_number: 00769dca
  manufacturer_date: 6/2181
  capacity: Unknown
  total_bytes: 0

***distribution***
  name: Debian GNU/Linux 12 (bookworm)
  id: debian
  version: 12
  version_parts: {'major': '12', 'minor': '', 'build_number': ''}
  like: 
  codename: bookworm
  release_info: {'name': 'MainsailOS', 'version_id': '2.2.2', 'codename': 'bookworm', 'id': 'mainsailos'}
  kernel_version: 6.12.96+rpt-rpi-v8

***virtualization***
  virt_type: none
  virt_identifier: none

***network***

***canbus***

***Allowed Services***
  klipper_mcu
  webcamd
  MoonCord
  KlipperScreen
  moonraker-telegram-bot
  moonraker-obico
  sonar
  crowsnest
  octoeverywhere
  ratos-configurator
  axiscope
Found libcamera Python module, version: v0.5.2+99-bfd68f78

Systemd unit moonraker.service:
unit_name: moonraker.service
is_default: True
manager: systemd
Properties:
**Requires=['sysinit.target', 'network-online.target', 'system.slice']
**After=['sysinit.target', 'systemd-journald.socket', 'klipper.service', 'basic.target', 'system.slice', 'network-online.target']
**SupplementaryGroups=['moonraker-admin']
**EnvironmentFiles=/home/voron/printer_data/systemd/moonraker.env
**ExecStart=/home/voron/moonraker-env/bin/python $MOONRAKER_ARGS
**WorkingDirectory=
**FragmentPath=/etc/systemd/system/moonraker.service
**Description=API Server for Klipper SV1
**User=voron

Systemd unit klipper.service:
unit_name: klipper.service
is_default: True
manager: systemd
Properties:
**Requires=['-.mount', 'system.slice', 'sysinit.target']
**After=['systemd-journald.socket', '-.mount', 'network-online.target', 'system.slice', 'sysinit.target', 'basic.target']
**SupplementaryGroups=[]
**EnvironmentFiles=/home/voron/printer_data/systemd/klipper.env
**ExecStart=/home/voron/klippy-env/bin/python $KLIPPER_ARGS
**WorkingDirectory=/home/voron/klipper
**FragmentPath=/etc/systemd/system/klipper.service
**Description=Klipper 3D Printer Firmware SV1
**User=voron
Git Repo moonraker: Warnings detected:
  Repo has untracked source files: ['moonraker/components/timelapse.py']
Git Repo klipper: Warnings detected:
  Repo has untracked source files: ['klippy/extras/axiscope.py', 'klippy/extras/bed_thermal_adjust.py', 'klippy/extras/ktamv.py', 'klippy/extras/ktamv_utl.py', 'klippy/extras/manual_rail.py', 'klippy/extras/multi_fan.py', 'klippy/extras/rounded_path.py', 'klippy/extras/tool.py', 'klippy/extras/tool_crash.py', 'klippy/extras/tool_probe.py', 'klippy/extras/tool_probe_endstop.py', 'klippy/extras/toolchanger.py', 'klippy/extras/tools_calibrate.py']
Git Repo mainsail-config: No warnings detected
Git Repo KlipperScreen: No warnings detected
Git Repo crowsnest: No warnings detected
Git Repo sonar: No warnings detected
Git Repo timelapse: No warnings detected
Git Repo Klippain-ShakeTune: No warnings detected
Git Repo klipper-toolchanger-easy: No warnings detected
Git Repo All-Config-Voron: No warnings detected
Klipper Version: v0.13.0-740-g60fc7aa67-dirty
2026-09-16 00:55:22,584 [common.py:build_error()] - JSON-RPC Request Error - Requested Method: machine.device_power.on, Code: -32601, Message: Method not found
2026-09-16 01:00:22,624 [common.py:build_error()] - JSON-RPC Request Error - Requested Method: machine.device_power.off, Code: -32601, Message: Method not found
-------------------- Log Start | Tue Sep 15 22:23:43 2026 --------------------
platform: Linux-6.12.96+rpt-rpi-v8-aarch64-with-glibc2.36
data_path: /home/voron/printer_data
is_default_data_path: False
config_file: /home/voron/printer_data/config/moonraker.conf
backup_config: /home/voron/printer_data/config/.moonraker.conf.bkp
startup_warnings: []
verbose: False
debug: False
asyncio_debug: False
is_backup_config: False
is_python_package: True
instance_uuid: 7d972c9d76ca4cd8b3b863091135e2a6
unix_socket_path: /home/voron/printer_data/comms/moonraker.sock
structured_logging: False
software_version: v0.11.0-0-g985c1d0
git_branch: master
git_remote: origin
git_repo_url: https://github.com/Arksine/moonraker.git
modified_files: []
unofficial_components: []
log_file: /home/voron/printer_data/logs/moonraker.log
python_version: 3.11.2 (main, May 12 2026, 05:17:27) [GCC 12.2.0]
launch_args: /home/voron/moonraker-env/bin/python /home/voron/moonraker/moonraker/__main__.py
msgspec_enabled: True
uvloop_enabled: True
2026-09-16 05:23:43,678 [confighelper.py:read_file()] - Configuration File '/home/voron/printer_data/config/moonraker.conf' parsed, total size: 2829 B
2026-09-16 05:23:43,679 [server.py:add_log_rollover_item()] - 
#################### Moonraker Configuration ####################

[server]
host = 0.0.0.0
port = 7125
klippy_uds_address = ~/printer_data/comms/klippy.sock

[authorization]
trusted_clients = 
	192.168.0.0/16
	100.64.0.0/10
	10.0.0.0/8
	127.0.0.0/8
	169.254.0.0/16
	172.16.0.0/12
	fd7a:115c:a1e0::/48
	FE80::/10
	::1/128
cors_domains = 
	*.lan
	*.local
	*.local:*
	*://localhost
	*://localhost:*
	*://my.mainsail.xyz
	*://app.fluidd.xyz

[octoprint_compat]

[history]

[update_manager]
channel = dev
refresh_interval = 168

[update_manager mainsail]
path = ~/mainsail
repo = mainsail-crew/mainsail
channel = stable
type = web

[update_manager mainsail-config]
managed_services = klipper
origin = https://github.com/mainsail-crew/mainsail-config.git
path = ~/mainsail-config
primary_branch = master
type = git_repo

[update_manager KlipperScreen]
install_script = scripts/KlipperScreen-install.sh
requirements = scripts/KlipperScreen-requirements.txt
env = ~/.KlipperScreen-env/bin/python
managed_services = KlipperScreen
origin = https://github.com/KlipperScreen/KlipperScreen.git
path = ~/KlipperScreen
type = git_repo

[update_manager crowsnest]
type = git_repo
path = ~/crowsnest
origin = https://github.com/mainsail-crew/crowsnest.git
managed_services = crowsnest
install_script = tools/pkglist.sh

[update_manager sonar]
type = git_repo
path = ~/sonar
origin = https://github.com/mainsail-crew/sonar.git
primary_branch = main
managed_services = sonar
install_script = tools/install.sh

[update_manager timelapse]
type = git_repo
primary_branch = main
path = ~/moonraker-timelapse
origin = https://github.com/mainsail-crew/moonraker-timelapse.git
managed_services = klipper moonraker

[update_manager cartographer_plugin]
type = python
channel = stable
virtualenv = ~/klippy-env
project_name = cartographer3d-plugin
is_system_service = False
managed_services = klipper
info_tags = desc=Cartographer Plugin

[update_manager Klippain-ShakeTune]
type = git_repo
origin = https://github.com/Frix-x/klippain-shaketune.git
path = ~/klippain_shaketune
virtualenv = ~/klippy-env
requirements = requirements.txt
system_dependencies = system-dependencies.json
primary_branch = main
managed_services = klipper

[update_manager klipper-toolchanger-easy]
type = git_repo
path = ~/klipper-toolchanger-easy
origin = https://github.com/jwellman80/klipper-toolchanger-easy.git
managed_services = klipper
primary_branch = main

[update_manager All-Config-Voron]
type = git_repo
path = ~/All-Config-Voron
origin = https://github.com/IDcrazy123/All-Config-Voron.git
primary_branch = main
managed_services = klipper
install_script = config/scripts/install.sh

#################################################################
All Configuration Files:
/home/voron/printer_data/config/moonraker.conf
#################################################################
2026-09-16 05:23:43,822 [server.py:load_component()] - Component (secrets) loaded
2026-09-16 05:23:43,831 [server.py:load_component()] - Component (template) loaded
2026-09-16 05:23:43,838 [server.py:load_component()] - Component (klippy_connection) loaded
2026-09-16 05:23:44,810 [application.py:__init__()] - Detected Tornado Version 6.5.8
2026-09-16 05:23:44,812 [server.py:load_component()] - Component (application) loaded
2026-09-16 05:23:44,843 [server.py:load_component()] - Component (websockets) loaded
2026-09-16 05:23:44,887 [server.py:add_log_rollover_item()] - Loading Sqlite database provider. Sqlite Version: 3.40.1
2026-09-16 05:23:44,893 [server.py:add_log_rollover_item()] - Unsafe Shutdown Count: 284
2026-09-16 05:23:44,898 [server.py:load_component()] - Component (database) loaded
2026-09-16 05:23:45,044 [server.py:load_component()] - Component (dbus_manager) loaded
2026-09-16 05:23:45,122 [file_manager.py:__init__()] - Using File System Observer: inotify
2026-09-16 05:23:45,185 [server.py:load_component()] - Component (file_manager) loaded
2026-09-16 05:23:45,217 [database.py:register_table()] - Found registered table authorized_users
2026-09-16 05:23:45,220 [authorization.py:__init__()] - Authorization Configuration Loaded
Trusted Clients:
192.168.0.0/16
100.64.0.0/10
10.0.0.0/8
127.0.0.0/8
169.254.0.0/16
172.16.0.0/12
fd7a:115c:a1e0::/48
fe80::/10
::1/128
CORS Domains:
.*\.lan
.*\.local
.*\.local:.*
.*://localhost
.*://localhost:.*
.*://my\.mainsail\.xyz
.*://app\.fluidd\.xyz
2026-09-16 05:23:45,225 [server.py:load_component()] - Component (authorization) loaded
2026-09-16 05:23:45,234 [server.py:load_component()] - Component (klippy_apis) loaded
2026-09-16 05:23:45,377 [server.py:add_log_rollover_item()] - 
System Info:

***python***
  version: (3, 11, 2, 'final', 0)
  version_string: 3.11.2 (main, May 12 2026, 05:17:27) [GCC 12.2.0]

***cpu_info***
  cpu_count: 4
  bits: 64bit
  processor: aarch64
  cpu_desc: 
  serial_number: 100000002b49334b
  hardware_desc: 
  model: Raspberry Pi Compute Module 4 Rev 1.1
  total_memory: 3701868
  memory_units: kB

***sd_info***
  manufacturer_id: 15
  manufacturer: Unknown
  oem_id: 0100
  product_name: BJTD4
  product_revision: 5.2
  serial_number: 00769dca
  manufacturer_date: 6/2181
  capacity: Unknown
  total_bytes: 0

***distribution***
  name: Debian GNU/Linux 12 (bookworm)
  id: debian
  version: 12
  version_parts: {'major': '12', 'minor': '', 'build_number': ''}
  like: 
  codename: bookworm
  release_info: {'name': 'MainsailOS', 'version_id': '2.2.2', 'codename': 'bookworm', 'id': 'mainsailos'}
  kernel_version: 6.12.96+rpt-rpi-v8

***virtualization***
  virt_type: none
  virt_identifier: none

***network***

***canbus***

***Allowed Services***
  klipper_mcu
  webcamd
  MoonCord
  KlipperScreen
  moonraker-telegram-bot
  moonraker-obico
  sonar
  crowsnest
  octoeverywhere
  ratos-configurator
  axiscope
2026-09-16 05:23:45,380 [server.py:load_component()] - Component (shell_command) loaded
2026-09-16 05:23:45,380 [machine.py:__init__()] - Using System Provider: systemd_dbus
2026-09-16 05:23:45,556 [server.py:add_log_rollover_item()] - Found libcamera Python module, version: v0.5.2+99-bfd68f78
2026-09-16 05:23:45,557 [server.py:load_component()] - Component (machine) loaded
2026-09-16 05:23:45,563 [server.py:load_component()] - Component (data_store) loaded
2026-09-16 05:23:45,569 [proc_stats.py:__init__()] - Detected 'vcgencmd', throttle checking enabled
2026-09-16 05:23:45,571 [proc_stats.py:_get_cpu_thermal_file()] - Monitoring temperature for Raspberry Pi CPU
2026-09-16 05:23:45,575 [server.py:load_component()] - Component (proc_stats) loaded
2026-09-16 05:23:45,579 [server.py:load_component()] - Component (job_state) loaded
2026-09-16 05:23:45,588 [server.py:load_component()] - Component (job_queue) loaded
2026-09-16 05:23:45,595 [database.py:register_table()] - Found registered table job_history
2026-09-16 05:23:45,596 [database.py:register_table()] - Found registered table job_totals
2026-09-16 05:23:45,600 [server.py:load_component()] - Component (history) loaded
2026-09-16 05:23:45,615 [server.py:load_component()] - Component (http_client) loaded
2026-09-16 05:23:45,623 [server.py:load_component()] - Component (announcements) loaded
2026-09-16 05:23:45,629 [server.py:load_component()] - Component (webcam) loaded
2026-09-16 05:23:45,633 [server.py:load_component()] - Component (extensions) loaded
2026-09-16 05:23:45,802 [base_deploy.py:log_info()] - Git Repo moonraker: Detected virtualenv: /home/voron/moonraker-env
2026-09-16 05:23:45,807 [base_deploy.py:log_info()] - Git Repo klipper: Detected virtualenv: /home/voron/klippy-env
2026-09-16 05:23:45,818 [base_deploy.py:log_info()] - Git Repo KlipperScreen: Option 'env' is deprecated, use 'virtualenv' instead.
2026-09-16 05:23:45,821 [base_deploy.py:log_info()] - Git Repo KlipperScreen: Detected virtualenv: /home/voron/.KlipperScreen-env
2026-09-16 05:23:45,839 [base_deploy.py:log_info()] - Python Package cartographer_plugin: Detected virtualenv: /home/voron/klippy-env
2026-09-16 05:23:45,915 [source_info.py:_load_release_info_json()] - Package cartographer3d_plugin-1.9.0.dist-info: Detected release_info json file
2026-09-16 05:23:45,918 [base_deploy.py:log_info()] - Python Package cartographer_plugin: Unable to find changelog url in metadata
2026-09-16 05:23:45,920 [sysdeps_parser.py:parse_dependencies()] - Dependency data has no package definition for linux distro 'debian'
2026-09-16 05:23:45,924 [base_deploy.py:log_info()] - Git Repo Klippain-ShakeTune: Detected virtualenv: /home/voron/klippy-env
2026-09-16 05:23:45,941 [server.py:load_component()] - Component (update_manager) loaded
2026-09-16 05:23:45,949 [server.py:load_component()] - Component (octoprint_compat) loaded
2026-09-16 05:23:45,950 [server.py:_initialize_component()] - Performing Component Post Init: [database]
2026-09-16 05:23:45,972 [server.py:_initialize_component()] - Performing Component Post Init: [dbus_manager]
2026-09-16 05:23:45,985 [server.py:_initialize_component()] - Performing Component Post Init: [authorization]
2026-09-16 05:23:45,991 [server.py:_initialize_component()] - Performing Component Post Init: [machine]
2026-09-16 05:23:45,994 [machine.py:validation_init()] - Installation version in database up to date
2026-09-16 05:23:46,503 [machine.py:check_virt_status()] - No Virtualization Detected
2026-09-16 05:23:46,552 [machine.py:_find_public_ip()] - Detected Local IP: 192.168.1.43
2026-09-16 05:23:46,557 [webcam.py:_set_default_host_ip()] - Default public webcam address set: http://192.168.1.43
2026-09-16 05:23:46,627 [server.py:add_log_rollover_item()] - 
Systemd unit moonraker.service:
unit_name: moonraker.service
is_default: True
manager: systemd
Properties:
**Requires=['network-online.target', 'system.slice', 'sysinit.target']
**After=['sysinit.target', 'klipper.service', 'systemd-journald.socket', 'basic.target', 'system.slice', 'network-online.target']
**SupplementaryGroups=['moonraker-admin']
**EnvironmentFiles=/home/voron/printer_data/systemd/moonraker.env
**ExecStart=/home/voron/moonraker-env/bin/python $MOONRAKER_ARGS
**WorkingDirectory=
**FragmentPath=/etc/systemd/system/moonraker.service
**Description=API Server for Klipper SV1
**User=voron
2026-09-16 05:23:46,627 [server.py:_initialize_component()] - Performing Component Post Init: [proc_stats]
2026-09-16 05:23:46,627 [server.py:_initialize_component()] - Performing Component Post Init: [history]
2026-09-16 05:23:46,699 [server.py:_initialize_component()] - Performing Component Post Init: [announcements]
2026-09-16 05:23:46,707 [server.py:_initialize_component()] - Performing Component Post Init: [webcam]
2026-09-16 05:23:46,707 [webcam.py:_set_default_host_ip()] - Default public webcam address set: http://192.168.1.43
2026-09-16 05:23:46,720 [server.py:_initialize_component()] - Performing Component Post Init: [klippy_connection]
2026-09-16 05:23:46,720 [server.py:add_log_rollover_item()] - 
Systemd unit klipper.service:
unit_name: klipper.service
is_default: True
manager: systemd
Properties:
**Requires=['-.mount', 'system.slice', 'sysinit.target']
**After=['systemd-journald.socket', '-.mount', 'network-online.target', 'system.slice', 'sysinit.target', 'basic.target']
**SupplementaryGroups=[]
**EnvironmentFiles=/home/voron/printer_data/systemd/klipper.env
**ExecStart=/home/voron/klippy-env/bin/python $KLIPPER_ARGS
**WorkingDirectory=/home/voron/klipper
**FragmentPath=/etc/systemd/system/klipper.service
**Description=Klipper 3D Printer Firmware SV1
**User=voron
2026-09-16 05:23:46,720 [server.py:_initialize_component()] - Performing Component Post Init: [update_manager]
2026-09-16 05:23:47,260 [base_deploy.py:log_info()] - PackageDeploy: PackageKit Provider Configured
2026-09-16 05:23:47,263 [base_deploy.py:log_info()] - Git Repo moonraker: Pip Version: 25.2, Python Version: 3.11
Last checked on 2026-08-29 10:20:17.481566+00:00
2026-09-16 05:23:47,265 [git_deploy.py:log_repo_info()] - Git Repo moonraker Detected:
Owner: Arksine
Repository Name: moonraker
Path: /home/voron/moonraker
Remote: origin
Branch: master
Remote URL: https://github.com/Arksine/moonraker.git
Recovery URL: https://github.com/Arksine/moonraker.git
Current Commit SHA: 985c1d0bbeb90bc057d34a232c9dc3b05e0c6c8d
Upstream Commit SHA: 1cfb0c41e468645951a371621f06d32777b6107c
Current Version: v0.11.0-0-g985c1d0b
Upstream Version: v0.11.0-1-g1cfb0c41
Rollback Commit: d5ee17128bb88434aacdab90c2e9e990e2b64e4a
Rollback Branch: master
Rollback Version: v0.10.0-31-gd5ee1712
Is Dirty: False
Is Detached: False
Is Shallow: False
Commits Behind Count: 1
Diverged: False
Pinned Commit: None
Repo Warnings:
  Repo has untracked source files: ['moonraker/components/timelapse.py']
2026-09-16 05:23:47,268 [base_deploy.py:log_info()] - Git Repo klipper: Pip Version: 26.1.2, Python Version: 3.11
Last checked on 2026-08-20 10:26:03.516278+00:00
2026-09-16 05:23:47,270 [git_deploy.py:log_repo_info()] - Git Repo klipper Detected:
Owner: Klipper3d
Repository Name: klipper
Path: /home/voron/klipper
Remote: origin
Branch: master
Remote URL: https://github.com/Klipper3d/klipper.git
Recovery URL: https://github.com/Klipper3d/klipper.git
Current Commit SHA: 60fc7aa67a8da9abb43a2bad825d4992294ebf3f
Upstream Commit SHA: 2d7717e3b62ea2fe3401b27f54f8681f80451c69
Current Version: v0.13.0-740-g60fc7aa6
Upstream Version: v0.13.0-756-g2d7717e3
Rollback Commit: d6ea62542d3f14a1faf55305c85ed0cbe361a233
Rollback Branch: master
Rollback Version: v0.13.0-700-gd6ea6254
Is Dirty: False
Is Detached: False
Is Shallow: False
Commits Behind Count: 16
Diverged: False
Pinned Commit: None
Repo Warnings:
  Repo has untracked source files: ['klippy/extras/axiscope.py', 'klippy/extras/bed_thermal_adjust.py', 'klippy/extras/ktamv.py', 'klippy/extras/ktamv_utl.py', 'klippy/extras/manual_rail.py', 'klippy/extras/multi_fan.py', 'klippy/extras/rounded_path.py', 'klippy/extras/tool.py', 'klippy/extras/tool_crash.py', 'klippy/extras/tool_probe.py', 'klippy/extras/tool_probe_endstop.py', 'klippy/extras/toolchanger.py', 'klippy/extras/tools_calibrate.py']
2026-09-16 05:23:47,279 [base_deploy.py:log_info()] - Web Client mainsail: Detected
Repo: mainsail-crew/mainsail
Channel: stable
Path: /home/voron/mainsail
Local Version: v2.18.2
Remote Version: v2.19.0
Valid: True
Fallback Detected: False
Pre-release: False
Download Url: https://github.com/mainsail-crew/mainsail/releases/download/v2.19.0/mainsail.zip
Download Size: 3137812
Content Type: application/zip
Rollback Version: v2.18.0
Rollback Repo: mainsail-crew/mainsail
2026-09-16 05:23:47,284 [git_deploy.py:log_repo_info()] - Git Repo mainsail-config Detected:
Owner: mainsail-crew
Repository Name: mainsail-config
Path: /home/voron/mainsail-config
Remote: origin
Branch: master
Remote URL: https://github.com/mainsail-crew/mainsail-config.git
Recovery URL: https://github.com/mainsail-crew/mainsail-config.git
Current Commit SHA: ff3869a621db17ce3ef660adbbd3fa321995ac42
Upstream Commit SHA: ff3869a621db17ce3ef660adbbd3fa321995ac42
Current Version: v1.2.1-1-gff3869a6
Upstream Version: v1.2.1-1-gff3869a6
Rollback Commit: ff3869a621db17ce3ef660adbbd3fa321995ac42
Rollback Branch: master
Rollback Version: v1.2.1-1-gff3869a6
Is Dirty: False
Is Detached: False
Is Shallow: False
Commits Behind Count: 0
Diverged: False
Pinned Commit: None
2026-09-16 05:23:47,289 [base_deploy.py:log_info()] - Git Repo KlipperScreen: Pip Version: 25.2, Python Version: 3.11
Last checked on 2026-08-20 10:25:19.039764+00:00
2026-09-16 05:23:47,291 [git_deploy.py:log_repo_info()] - Git Repo KlipperScreen Detected:
Owner: KlipperScreen
Repository Name: KlipperScreen
Path: /home/voron/KlipperScreen
Remote: origin
Branch: master
Remote URL: https://github.com/KlipperScreen/KlipperScreen.git
Recovery URL: https://github.com/KlipperScreen/KlipperScreen.git
Current Commit SHA: fbe7451c8177bb091d225fbdf248cf9c885ab6b8
Upstream Commit SHA: 3791fdf749df20c2a32fc43818749aa9f1754a9f
Current Version: v0.4.7-166-gfbe7451c
Upstream Version: v0.4.7-183-g3791fdf7
Rollback Commit: 686d106a27e613b318f864a310e1ed53990b9d42
Rollback Branch: master
Rollback Version: v0.4.7-158-g686d106a
Is Dirty: False
Is Detached: False
Is Shallow: False
Commits Behind Count: 17
Diverged: False
Pinned Commit: None
2026-09-16 05:23:47,294 [git_deploy.py:log_repo_info()] - Git Repo crowsnest Detected:
Owner: mainsail-crew
Repository Name: crowsnest
Path: /home/voron/crowsnest
Remote: origin
Branch: master
Remote URL: https://github.com/mainsail-crew/crowsnest.git
Recovery URL: https://github.com/mainsail-crew/crowsnest.git
Current Commit SHA: cf936dabdcf6a3d1eb0138d8eea9044745b40db6
Upstream Commit SHA: cf936dabdcf6a3d1eb0138d8eea9044745b40db6
Current Version: v4.2.0-1-gcf936dab
Upstream Version: v4.2.0-1-gcf936dab
Rollback Commit: 059fa8775f60503f7aca4bb4812795997b35b142
Rollback Branch: master
Rollback Version: v4.1.16-1-g059fa877
Is Dirty: False
Is Detached: False
Is Shallow: False
Commits Behind Count: 0
Diverged: False
Pinned Commit: None
2026-09-16 05:23:47,300 [git_deploy.py:log_repo_info()] - Git Repo sonar Detected:
Owner: mainsail-crew
Repository Name: sonar
Path: /home/voron/sonar
Remote: origin
Branch: main
Remote URL: https://github.com/mainsail-crew/sonar.git
Recovery URL: https://github.com/mainsail-crew/sonar.git
Current Commit SHA: 0d1d7c89bbb97fb5f54c80f7814ef322c24d6e45
Upstream Commit SHA: 0d1d7c89bbb97fb5f54c80f7814ef322c24d6e45
Current Version: v0.2.0-1-g0d1d7c89
Upstream Version: v0.2.0-1-g0d1d7c89
Rollback Commit: 3fe23fef07dbc19a9b66bdd111bbd1d574d19955
Rollback Branch: main
Rollback Version: v0.2.0-0-g3fe23fef
Is Dirty: False
Is Detached: False
Is Shallow: False
Commits Behind Count: 0
Diverged: False
Pinned Commit: None
2026-09-16 05:23:47,311 [git_deploy.py:log_repo_info()] - Git Repo timelapse Detected:
Owner: mainsail-crew
Repository Name: moonraker-timelapse
Path: /home/voron/moonraker-timelapse
Remote: origin
Branch: main
Remote URL: https://github.com/mainsail-crew/moonraker-timelapse.git
Recovery URL: https://github.com/mainsail-crew/moonraker-timelapse.git
Current Commit SHA: c7fff11e542b95e0e15b8bb1443cea8159ac0274
Upstream Commit SHA: c7fff11e542b95e0e15b8bb1443cea8159ac0274
Current Version: v0.0.1-143-gc7fff11e
Upstream Version: v0.0.1-143-gc7fff11e
Rollback Commit: c7fff11e542b95e0e15b8bb1443cea8159ac0274
Rollback Branch: main
Rollback Version: v0.0.1-143-gc7fff11e
Is Dirty: False
Is Detached: False
Is Shallow: False
Commits Behind Count: 0
Diverged: False
Pinned Commit: None
2026-09-16 05:23:47,315 [base_deploy.py:log_info()] - Python Package cartographer_plugin: Pip Version: 26.1.2, Python Version: 3.11
Last checked on 2026-08-20 09:56:36.833274+00:00
2026-09-16 05:23:47,315 [python_deploy.py:_log_package_info()] - Python Package cartographer_plugin detected:
Channel: stable
Package Source: PIP
Repo Owner: Cartographer3D
Repo Name: cartographer3d-plugin
Repo URL: https://github.com/Cartographer3D/cartographer3d-plugin
Changelog URL: 
Full Version String: 1.9.0
Current Version: 1.9.0
Current Commit SHA: 
Upstream Version: 1.9.0
Upstream Commit SHA: 
Converted Git Version: 1.9.0-0
Rollback Version: 1.8.0
Rollback Ref: 1.8.0

2026-09-16 05:23:47,324 [git_deploy.py:log_repo_info()] - Git Repo Klippain-ShakeTune Detected:
Owner: Frix-x
Repository Name: klippain-shaketune
Path: /home/voron/klippain_shaketune
Remote: origin
Branch: main
Remote URL: https://github.com/Frix-x/klippain-shaketune.git
Recovery URL: https://github.com/Frix-x/klippain-shaketune.git
Current Commit SHA: 354ee4be6db218715239f7b9411c2c37fdea23dd
Upstream Commit SHA: 354ee4be6db218715239f7b9411c2c37fdea23dd
Current Version: v6.0.0-0-g354ee4be
Upstream Version: v6.0.0-0-g354ee4be
Rollback Commit: 354ee4be6db218715239f7b9411c2c37fdea23dd
Rollback Branch: main
Rollback Version: v6.0.0-0-g354ee4be
Is Dirty: False
Is Detached: False
Is Shallow: False
Commits Behind Count: 0
Diverged: False
Pinned Commit: None
2026-09-16 05:23:47,327 [git_deploy.py:log_repo_info()] - Git Repo klipper-toolchanger-easy Detected:
Owner: jwellman80
Repository Name: klipper-toolchanger-easy
Path: /home/voron/klipper-toolchanger-easy
Remote: origin
Branch: main
Remote URL: https://github.com/jwellman80/klipper-toolchanger-easy.git
Recovery URL: https://github.com/jwellman80/klipper-toolchanger-easy.git
Current Commit SHA: e881fe40949a3999b0d63f59c22df589474eae9b
Upstream Commit SHA: e881fe40949a3999b0d63f59c22df589474eae9b
Current Version: v0.0.0-258-ge881fe40-inferred
Upstream Version: v0.0.0-258-inferred
Rollback Commit: bc2b5c4c466d2f57233ac844371936b290eb4b9a
Rollback Branch: main
Rollback Version: v0.0.0-252-gbc2b5c4c-inferred
Is Dirty: False
Is Detached: False
Is Shallow: False
Commits Behind Count: 0
Diverged: False
Pinned Commit: None
2026-09-16 05:23:47,332 [git_deploy.py:log_repo_info()] - Git Repo All-Config-Voron Detected:
Owner: IDcrazy123
Repository Name: All-Config-Voron
Path: /home/voron/All-Config-Voron
Remote: origin
Branch: main
Remote URL: https://github.com/IDcrazy123/All-Config-Voron.git
Recovery URL: https://github.com/IDcrazy123/All-Config-Voron.git
Current Commit SHA: c690f4681f87c948b3cd28745242d80a3afe69eb
Upstream Commit SHA: c690f4681f87c948b3cd28745242d80a3afe69eb
Current Version: v0.0.0-284-gc690f468-inferred
Upstream Version: v0.0.0-284-inferred
Rollback Commit: 0f8d05944ce01705b07210f3e1b5beb500301a94
Rollback Branch: main
Rollback Version: v0.0.0-264-g0f8d0594-inferred
Is Dirty: False
Is Detached: False
Is Shallow: False
Commits Behind Count: 0
Diverged: False
Pinned Commit: None
2026-09-16 05:23:47,333 [base_deploy.py:log_info()] - PackageKit: Next refresh in: 4 Days, 12 Hours, 38 Minutes, 15 Seconds
2026-09-16 05:23:47,333 [base_deploy.py:log_info()] - Git Repo moonraker: Next refresh in: 4 Days, 12 Hours, 38 Minutes, 16 Seconds
2026-09-16 05:23:47,333 [base_deploy.py:log_info()] - Git Repo klipper: Next refresh in: 4 Days, 12 Hours, 38 Minutes, 18 Seconds
2026-09-16 05:23:47,333 [base_deploy.py:log_info()] - Web Client mainsail: Next refresh in: 4 Days, 12 Hours, 38 Minutes, 18 Seconds
2026-09-16 05:23:47,333 [base_deploy.py:log_info()] - Git Repo mainsail-config: Next refresh in: 4 Days, 12 Hours, 38 Minutes, 19 Seconds
2026-09-16 05:23:47,333 [base_deploy.py:log_info()] - Git Repo KlipperScreen: Next refresh in: 4 Days, 12 Hours, 38 Minutes, 21 Seconds
2026-09-16 05:23:47,333 [base_deploy.py:log_info()] - Git Repo crowsnest: Next refresh in: 4 Days, 12 Hours, 38 Minutes, 22 Seconds
2026-09-16 05:23:47,333 [base_deploy.py:log_info()] - Git Repo sonar: Next refresh in: 4 Days, 12 Hours, 38 Minutes, 23 Seconds
2026-09-16 05:23:47,333 [base_deploy.py:log_info()] - Git Repo timelapse: Next refresh in: 4 Days, 12 Hours, 38 Minutes, 25 Seconds
2026-09-16 05:23:47,333 [base_deploy.py:log_info()] - Python Package cartographer_plugin: Next refresh in: 4 Days, 12 Hours, 38 Minutes, 28 Seconds
2026-09-16 05:23:47,333 [base_deploy.py:log_info()] - Git Repo Klippain-ShakeTune: Next refresh in: 4 Days, 12 Hours, 38 Minutes, 29 Seconds
2026-09-16 05:23:47,334 [base_deploy.py:log_info()] - Git Repo klipper-toolchanger-easy: Next refresh in: 4 Days, 12 Hours, 38 Minutes, 30 Seconds
2026-09-16 05:23:47,334 [base_deploy.py:log_info()] - Git Repo All-Config-Voron: Next refresh in: 4 Days, 12 Hours, 38 Minutes, 31 Seconds
2026-09-16 05:23:49,015 [extensions.py:start_unix_server()] - Creating Unix Domain Socket at '/home/voron/printer_data/comms/moonraker.sock'
2026-09-16 05:23:49,017 [server.py:start_server()] - Starting Moonraker on (0.0.0.0, 7125), Hostname: voron-local
2026-09-16 05:23:49,019 [application.py:listen()] - SSL Certificate/Key not configured, aborting HTTPS Server startup
2026-09-16 05:23:49,117 [authorization.py:_check_trusted_connection()] - Trusted Connection Detected, IP: 192.168.1.52
2026-09-16 05:23:49,121 [application.py:log_request()] - 101 GET /websocket (192.168.1.52 via 127.0.0.1) [_TRUSTED_USER_] 5.77ms
2026-09-16 05:23:49,122 [websockets.py:open()] - Websocket Opened: ID: 548004930576, Proxied: True, User Agent: Mozilla/5.0 (Windows NT 10.0; Win64; x64) AppleWebKit/537.36 (KHTML, like Gecko) Chrome/153.0.0.0 Safari/537.36 Edg/153.0.0.0, Host Name: 192.168.1.43
2026-09-16 05:23:49,133 [websockets.py:_handle_identify()] - Websocket 548004930576 Client Identified - Name: mainsail, Version: 2.18.2, Type: web
2026-09-16 17:03:46,171 [klippy_connection.py:_do_connect()] - Klippy Connection Established
2026-09-16 17:03:47,210 [common.py:build_error()] - JSON-RPC Request Error - Requested Method: printer.objects.query, Code: -32601, Message: Method not found
2026-09-16 17:03:47,270 [server.py:add_log_rollover_item()] - 
Systemd unit klipper.service:
unit_name: klipper.service
is_default: True
manager: systemd
Properties:
**Requires=['-.mount', 'sysinit.target', 'system.slice']
**After=['systemd-journald.socket', 'sysinit.target', 'system.slice', '-.mount', 'basic.target', 'network-online.target']
**SupplementaryGroups=[]
**EnvironmentFiles=/home/voron/printer_data/systemd/klipper.env
**ExecStart=/home/voron/klippy-env/bin/python $KLIPPER_ARGS
**WorkingDirectory=/home/voron/klipper
**FragmentPath=/etc/systemd/system/klipper.service
**Description=Klipper 3D Printer Firmware SV1
**User=voron
2026-09-16 17:03:48,478 [server.py:add_log_rollover_item()] - Klipper Version: v0.13.0-740-g60fc7aa67-dirty
2026-09-16 17:03:49,500 [authorization.py:_check_trusted_connection()] - Trusted Connection Detected, IP: 127.0.0.1
2026-09-16 17:03:49,501 [application.py:log_request()] - 101 GET /websocket?token= (127.0.0.1) [_TRUSTED_USER_] 2.53ms
2026-09-16 17:03:49,502 [websockets.py:open()] - Websocket Opened: ID: 547946149648, Proxied: False, User Agent: , Host Name: 127.0.0.1
2026-09-16 17:03:49,544 [websockets.py:_handle_identify()] - Websocket 547946149648 Client Identified - Name: KlipperScreen, Version: v0.4.7-166-gfbe7451, Type: display
2026-09-16 17:03:53,710 [klippy_connection.py:_request_initial_subscriptions()] - Webhooks Subscribed
2026-09-16 17:03:53,712 [klippy_connection.py:_request_initial_subscriptions()] - GCode Output Subscribed
2026-09-16 17:03:53,728 [file_manager.py:get_file_list()] - Updating File List <gcodes>...
2026-09-16 17:03:54,007 [job_state.py:_handle_started()] - Job state initialized: standby
2026-09-16 17:03:54,253 [klippy_connection.py:_check_ready()] - Klippy ready
2026-09-16 17:03:54,725 [data_store.py:_init_sensors()] - Configuring available sensors: ['temperature_sensor cartographer_coil', 'temperature_sensor cartographer', 'temperature_sensor chamber', 'heater_bed', 'temperature_fan cm4_fan', 'temperature_fan enclosure_fan', 'extruder', 'extruder1', 'extruder2', 'extruder3', 'extruder4']
2026-09-16 17:05:03,075 [common.py:build_error()] - JSON-RPC Request Error - Requested Method: printer.gcode.script, Code: 400, Message: No trigger on probe after full movement
2026-09-16 17:05:09,414 [common.py:build_error()] - JSON-RPC Request Error - Requested Method: printer.gcode.script, Code: 400, Message: No trigger on probe after full movement
2026-09-16 17:05:33,072 [common.py:build_error()] - JSON-RPC Request Error - Requested Method: printer.gcode.script, Code: 400, Message: No trigger on probe after full movement
2026-09-16 17:05:41,821 [common.py:build_error()] - JSON-RPC Request Error - Requested Method: printer.gcode.script, Code: 400, Message: No trigger on probe after full movement
2026-09-16 17:07:39,543 [klippy_connection.py:wait()] - Request 'gcode/script' pending: 60.00 seconds
2026-09-16 17:08:39,543 [klippy_connection.py:wait()] - Request 'gcode/script' pending: 120.00 seconds
2026-09-16 17:08:54,524 [common.py:build_error()] - JSON-RPC Request Error - Requested Method: machine.device_power.off, Code: -32601, Message: Method not found
2026-09-16 17:09:20,029 [application.py:prepare()] - Upload Request Received from 192.168.1.52
Content-Type: multipart/form-data; boundary=----WebKitFormBoundary3B0DTByAW5rTQBi5
2026-09-16 17:09:20,050 [application.py:post()] - Processing Uploaded File: fans-leds.cfg
2026-09-16 17:09:20,063 [application.py:log_request()] - 201 POST /server/files/upload (192.168.1.52 via 127.0.0.1) [_TRUSTED_USER_] 37.47ms
2026-09-16 17:09:21,209 [klippy_connection.py:_on_connection_closed()] - Klippy Connection Removed
2026-09-16 17:09:21,260 [common.py:build_error()] - JSON-RPC Request Error - Requested Method: machine.device_power.on, Code: -32601, Message: Method not found
2026-09-16 17:09:21,321 [common.py:build_error()] - JSON-RPC Request Error - Requested Method: machine.device_power.on, Code: -32601, Message: Method not found
2026-09-16 17:09:21,410 [common.py:build_error()] - JSON-RPC Request Error - Requested Method: printer.info, Code: 503, Message: Klippy Host not connected
2026-09-16 17:09:22,465 [klippy_connection.py:_do_connect()] - Klippy Connection Established
2026-09-16 17:09:30,107 [klippy_connection.py:_request_initial_subscriptions()] - Webhooks Subscribed
2026-09-16 17:09:30,109 [klippy_connection.py:_request_initial_subscriptions()] - GCode Output Subscribed
2026-09-16 17:09:30,125 [file_manager.py:get_file_list()] - Updating File List <gcodes>...
2026-09-16 17:09:30,404 [job_state.py:_handle_started()] - Job state initialized: standby
2026-09-16 17:09:30,615 [klippy_connection.py:_check_ready()] - Klippy ready
2026-09-16 17:09:31,121 [data_store.py:_init_sensors()] - Configuring available sensors: ['temperature_sensor cartographer_coil', 'temperature_sensor cartographer', 'temperature_sensor chamber', 'heater_bed', 'temperature_fan cm4_fan', 'temperature_fan enclosure_fan', 'extruder', 'extruder1', 'extruder2', 'extruder3', 'extruder4']
2026-09-16 17:11:13,801 [klippy_connection.py:wait()] - Request 'gcode/script' pending: 60.00 seconds
2026-09-16 17:11:14,082 [klippy_connection.py:wait()] - Request 'gcode/script' pending: 60.00 seconds
2026-09-16 17:11:14,826 [klippy_connection.py:wait()] - Request 'gcode/script' pending: 60.00 seconds
2026-09-16 17:11:15,167 [klippy_connection.py:wait()] - Request 'gcode/script' pending: 60.00 seconds
2026-09-16 17:11:15,463 [klippy_connection.py:wait()] - Request 'gcode/script' pending: 60.00 seconds
2026-09-16 17:11:16,246 [klippy_connection.py:wait()] - Request 'gcode/script' pending: 60.00 seconds
2026-09-16 17:11:16,499 [klippy_connection.py:wait()] - Request 'gcode/script' pending: 60.00 seconds
2026-09-16 17:11:16,758 [klippy_connection.py:wait()] - Request 'gcode/script' pending: 60.00 seconds
2026-09-16 17:11:16,975 [klippy_connection.py:wait()] - Request 'gcode/script' pending: 60.00 seconds
2026-09-16 17:12:15,463 [klippy_connection.py:wait()] - Request 'gcode/script' pending: 120.00 seconds
2026-09-16 17:12:16,248 [klippy_connection.py:wait()] - Request 'gcode/script' pending: 120.00 seconds
2026-09-16 17:12:16,500 [klippy_connection.py:wait()] - Request 'gcode/script' pending: 120.00 seconds
2026-09-16 17:12:16,759 [klippy_connection.py:wait()] - Request 'gcode/script' pending: 120.00 seconds
2026-09-16 17:12:16,976 [klippy_connection.py:wait()] - Request 'gcode/script' pending: 120.00 seconds
2026-09-16 17:13:16,761 [klippy_connection.py:wait()] - Request 'gcode/script' pending: 180.00 seconds
2026-09-16 17:13:16,977 [klippy_connection.py:wait()] - Request 'gcode/script' pending: 180.00 seconds
2026-09-16 17:14:21,508 [common.py:build_error()] - JSON-RPC Request Error - Requested Method: machine.device_power.off, Code: -32601, Message: Method not found
2026-09-16 17:24:16,323 [klippy_connection.py:_on_connection_closed()] - Klippy Connection Removed
2026-09-16 17:24:16,377 [common.py:build_error()] - JSON-RPC Request Error - Requested Method: machine.device_power.on, Code: -32601, Message: Method not found
2026-09-16 17:24:16,436 [common.py:build_error()] - JSON-RPC Request Error - Requested Method: machine.device_power.on, Code: -32601, Message: Method not found
2026-09-16 17:24:16,548 [common.py:build_error()] - JSON-RPC Request Error - Requested Method: printer.info, Code: 503, Message: Klippy Host not connected
2026-09-16 17:24:17,584 [klippy_connection.py:_do_connect()] - Klippy Connection Established
2026-09-16 17:24:25,425 [klippy_connection.py:_request_initial_subscriptions()] - Webhooks Subscribed
2026-09-16 17:24:25,428 [klippy_connection.py:_request_initial_subscriptions()] - GCode Output Subscribed
2026-09-16 17:24:25,446 [file_manager.py:get_file_list()] - Updating File List <gcodes>...
2026-09-16 17:24:25,737 [job_state.py:_handle_started()] - Job state initialized: standby
2026-09-16 17:24:25,939 [klippy_connection.py:_check_ready()] - Klippy ready
2026-09-16 17:24:26,695 [data_store.py:_init_sensors()] - Configuring available sensors: ['temperature_sensor cartographer_coil', 'temperature_sensor cartographer', 'temperature_sensor chamber', 'heater_bed', 'temperature_fan cm4_fan', 'temperature_fan enclosure_fan', 'extruder', 'extruder1', 'extruder2', 'extruder3', 'extruder4']
2026-09-16 17:29:16,528 [common.py:build_error()] - JSON-RPC Request Error - Requested Method: machine.device_power.off, Code: -32601, Message: Method not found
                                                                                                                                                      -------------------- Log Start | Wed Sep 16 10:34:24 2026 --------------------
platform: Linux-6.12.96+rpt-rpi-v8-aarch64-with-glibc2.36
data_path: /home/voron/printer_data
is_default_data_path: False
config_file: /home/voron/printer_data/config/moonraker.conf
backup_config: /home/voron/printer_data/config/.moonraker.conf.bkp
startup_warnings: []
verbose: False
debug: False
asyncio_debug: False
is_backup_config: False
is_python_package: True
instance_uuid: 7d972c9d76ca4cd8b3b863091135e2a6
unix_socket_path: /home/voron/printer_data/comms/moonraker.sock
structured_logging: False
software_version: v0.11.0-0-g985c1d0
git_branch: master
git_remote: origin
git_repo_url: https://github.com/Arksine/moonraker.git
modified_files: []
unofficial_components: []
log_file: /home/voron/printer_data/logs/moonraker.log
python_version: 3.11.2 (main, May 12 2026, 05:17:27) [GCC 12.2.0]
launch_args: /home/voron/moonraker-env/bin/python /home/voron/moonraker/moonraker/__main__.py
msgspec_enabled: True
uvloop_enabled: True
2026-09-16 17:34:24,639 [confighelper.py:read_file()] - Configuration File '/home/voron/printer_data/config/moonraker.conf' parsed, total size: 2829 B
2026-09-16 17:34:24,640 [server.py:add_log_rollover_item()] - 
#################### Moonraker Configuration ####################

[server]
host = 0.0.0.0
port = 7125
klippy_uds_address = ~/printer_data/comms/klippy.sock

[authorization]
trusted_clients = 
	192.168.0.0/16
	100.64.0.0/10
	10.0.0.0/8
	127.0.0.0/8
	169.254.0.0/16
	172.16.0.0/12
	fd7a:115c:a1e0::/48
	FE80::/10
	::1/128
cors_domains = 
	*.lan
	*.local
	*.local:*
	*://localhost
	*://localhost:*
	*://my.mainsail.xyz
	*://app.fluidd.xyz

[octoprint_compat]

[history]

[update_manager]
channel = dev
refresh_interval = 168

[update_manager mainsail]
path = ~/mainsail
repo = mainsail-crew/mainsail
channel = stable
type = web

[update_manager mainsail-config]
managed_services = klipper
origin = https://github.com/mainsail-crew/mainsail-config.git
path = ~/mainsail-config
primary_branch = master
type = git_repo

[update_manager KlipperScreen]
install_script = scripts/KlipperScreen-install.sh
requirements = scripts/KlipperScreen-requirements.txt
env = ~/.KlipperScreen-env/bin/python
managed_services = KlipperScreen
origin = https://github.com/KlipperScreen/KlipperScreen.git
path = ~/KlipperScreen
type = git_repo

[update_manager crowsnest]
type = git_repo
path = ~/crowsnest
origin = https://github.com/mainsail-crew/crowsnest.git
managed_services = crowsnest
install_script = tools/pkglist.sh

[update_manager sonar]
type = git_repo
path = ~/sonar
origin = https://github.com/mainsail-crew/sonar.git
primary_branch = main
managed_services = sonar
install_script = tools/install.sh

[update_manager timelapse]
type = git_repo
primary_branch = main
path = ~/moonraker-timelapse
origin = https://github.com/mainsail-crew/moonraker-timelapse.git
managed_services = klipper moonraker

[update_manager cartographer_plugin]
type = python
channel = stable
virtualenv = ~/klippy-env
project_name = cartographer3d-plugin
is_system_service = False
managed_services = klipper
info_tags = desc=Cartographer Plugin

[update_manager Klippain-ShakeTune]
type = git_repo
origin = https://github.com/Frix-x/klippain-shaketune.git
path = ~/klippain_shaketune
virtualenv = ~/klippy-env
requirements = requirements.txt
system_dependencies = system-dependencies.json
primary_branch = main
managed_services = klipper

[update_manager klipper-toolchanger-easy]
type = git_repo
path = ~/klipper-toolchanger-easy
origin = https://github.com/jwellman80/klipper-toolchanger-easy.git
managed_services = klipper
primary_branch = main

[update_manager All-Config-Voron]
type = git_repo
path = ~/All-Config-Voron
origin = https://github.com/IDcrazy123/All-Config-Voron.git
primary_branch = main
managed_services = klipper
install_script = config/scripts/install.sh

#################################################################
All Configuration Files:
/home/voron/printer_data/config/moonraker.conf
#################################################################
2026-09-16 17:34:24,779 [server.py:load_component()] - Component (secrets) loaded
2026-09-16 17:34:24,789 [server.py:load_component()] - Component (template) loaded
2026-09-16 17:34:24,795 [server.py:load_component()] - Component (klippy_connection) loaded
2026-09-16 17:34:25,757 [application.py:__init__()] - Detected Tornado Version 6.5.8
2026-09-16 17:34:25,759 [server.py:load_component()] - Component (application) loaded
2026-09-16 17:34:25,794 [server.py:load_component()] - Component (websockets) loaded
2026-09-16 17:34:25,847 [server.py:add_log_rollover_item()] - Loading Sqlite database provider. Sqlite Version: 3.40.1
2026-09-16 17:34:25,858 [server.py:add_log_rollover_item()] - Unsafe Shutdown Count: 285
2026-09-16 17:34:25,863 [server.py:load_component()] - Component (database) loaded
2026-09-16 17:34:26,015 [server.py:load_component()] - Component (dbus_manager) loaded
2026-09-16 17:34:26,090 [file_manager.py:__init__()] - Using File System Observer: inotify
2026-09-16 17:34:26,148 [server.py:load_component()] - Component (file_manager) loaded
2026-09-16 17:34:26,175 [database.py:register_table()] - Found registered table authorized_users
2026-09-16 17:34:26,177 [authorization.py:__init__()] - Authorization Configuration Loaded
Trusted Clients:
192.168.0.0/16
100.64.0.0/10
10.0.0.0/8
127.0.0.0/8
169.254.0.0/16
172.16.0.0/12
fd7a:115c:a1e0::/48
fe80::/10
::1/128
CORS Domains:
.*\.lan
.*\.local
.*\.local:.*
.*://localhost
.*://localhost:.*
.*://my\.mainsail\.xyz
.*://app\.fluidd\.xyz
2026-09-16 17:34:26,183 [server.py:load_component()] - Component (authorization) loaded
2026-09-16 17:34:26,193 [server.py:load_component()] - Component (klippy_apis) loaded
2026-09-16 17:34:26,346 [server.py:add_log_rollover_item()] - 
System Info:

***python***
  version: (3, 11, 2, 'final', 0)
  version_string: 3.11.2 (main, May 12 2026, 05:17:27) [GCC 12.2.0]

***cpu_info***
  cpu_count: 4
  bits: 64bit
  processor: aarch64
  cpu_desc: 
  serial_number: 100000002b49334b
  hardware_desc: 
  model: Raspberry Pi Compute Module 4 Rev 1.1
  total_memory: 3701868
  memory_units: kB

***sd_info***
  manufacturer_id: 15
  manufacturer: Unknown
  oem_id: 0100
  product_name: BJTD4
  product_revision: 5.2
  serial_number: 00769dca
  manufacturer_date: 6/2181
  capacity: Unknown
  total_bytes: 0

***distribution***
  name: Debian GNU/Linux 12 (bookworm)
  id: debian
  version: 12
  version_parts: {'major': '12', 'minor': '', 'build_number': ''}
  like: 
  codename: bookworm
  release_info: {'name': 'MainsailOS', 'version_id': '2.2.2', 'codename': 'bookworm', 'id': 'mainsailos'}
  kernel_version: 6.12.96+rpt-rpi-v8

***virtualization***
  virt_type: none
  virt_identifier: none

***network***

***canbus***

***Allowed Services***
  klipper_mcu
  webcamd
  MoonCord
  KlipperScreen
  moonraker-telegram-bot
  moonraker-obico
  sonar
  crowsnest
  octoeverywhere
  ratos-configurator
  axiscope
2026-09-16 17:34:26,349 [server.py:load_component()] - Component (shell_command) loaded
2026-09-16 17:34:26,349 [machine.py:__init__()] - Using System Provider: systemd_dbus
2026-09-16 17:34:26,572 [server.py:add_log_rollover_item()] - Found libcamera Python module, version: v0.5.2+99-bfd68f78
2026-09-16 17:34:26,573 [server.py:load_component()] - Component (machine) loaded
2026-09-16 17:34:26,577 [server.py:load_component()] - Component (data_store) loaded
2026-09-16 17:34:26,581 [proc_stats.py:__init__()] - Detected 'vcgencmd', throttle checking enabled
2026-09-16 17:34:26,582 [proc_stats.py:_get_cpu_thermal_file()] - Monitoring temperature for Raspberry Pi CPU
2026-09-16 17:34:26,583 [server.py:load_component()] - Component (proc_stats) loaded
2026-09-16 17:34:26,586 [server.py:load_component()] - Component (job_state) loaded
2026-09-16 17:34:26,593 [server.py:load_component()] - Component (job_queue) loaded
2026-09-16 17:34:26,598 [database.py:register_table()] - Found registered table job_history
2026-09-16 17:34:26,599 [database.py:register_table()] - Found registered table job_totals
2026-09-16 17:34:26,603 [server.py:load_component()] - Component (history) loaded
2026-09-16 17:34:26,614 [server.py:load_component()] - Component (http_client) loaded
2026-09-16 17:34:26,622 [server.py:load_component()] - Component (announcements) loaded
2026-09-16 17:34:26,629 [server.py:load_component()] - Component (webcam) loaded
2026-09-16 17:34:26,633 [server.py:load_component()] - Component (extensions) loaded
2026-09-16 17:34:26,802 [base_deploy.py:log_info()] - Git Repo moonraker: Detected virtualenv: /home/voron/moonraker-env
2026-09-16 17:34:26,808 [base_deploy.py:log_info()] - Git Repo klipper: Detected virtualenv: /home/voron/klippy-env
2026-09-16 17:34:26,817 [base_deploy.py:log_info()] - Git Repo KlipperScreen: Option 'env' is deprecated, use 'virtualenv' instead.
2026-09-16 17:34:26,819 [base_deploy.py:log_info()] - Git Repo KlipperScreen: Detected virtualenv: /home/voron/.KlipperScreen-env
2026-09-16 17:34:26,832 [base_deploy.py:log_info()] - Python Package cartographer_plugin: Detected virtualenv: /home/voron/klippy-env
2026-09-16 17:34:26,909 [source_info.py:_load_release_info_json()] - Package cartographer3d_plugin-1.9.0.dist-info: Detected release_info json file
2026-09-16 17:34:26,912 [base_deploy.py:log_info()] - Python Package cartographer_plugin: Unable to find changelog url in metadata
2026-09-16 17:34:26,913 [sysdeps_parser.py:parse_dependencies()] - Dependency data has no package definition for linux distro 'debian'
2026-09-16 17:34:26,916 [base_deploy.py:log_info()] - Git Repo Klippain-ShakeTune: Detected virtualenv: /home/voron/klippy-env
2026-09-16 17:34:26,933 [server.py:load_component()] - Component (update_manager) loaded
2026-09-16 17:34:26,939 [server.py:load_component()] - Component (octoprint_compat) loaded
2026-09-16 17:34:26,940 [server.py:_initialize_component()] - Performing Component Post Init: [database]
2026-09-16 17:34:26,963 [server.py:_initialize_component()] - Performing Component Post Init: [dbus_manager]
2026-09-16 17:34:26,984 [server.py:_initialize_component()] - Performing Component Post Init: [authorization]
2026-09-16 17:34:26,994 [server.py:_initialize_component()] - Performing Component Post Init: [machine]
2026-09-16 17:34:27,002 [machine.py:validation_init()] - Installation version in database up to date
2026-09-16 17:34:27,464 [machine.py:check_virt_status()] - No Virtualization Detected
2026-09-16 17:34:27,514 [machine.py:_find_public_ip()] - Detected Local IP: 192.168.1.43
2026-09-16 17:34:27,519 [webcam.py:_set_default_host_ip()] - Default public webcam address set: http://192.168.1.43
2026-09-16 17:34:27,588 [server.py:add_log_rollover_item()] - 
Systemd unit moonraker.service:
unit_name: moonraker.service
is_default: True
manager: systemd
Properties:
**Requires=['sysinit.target', 'network-online.target', 'system.slice']
**After=['system.slice', 'klipper.service', 'sysinit.target', 'basic.target', 'network-online.target', 'systemd-journald.socket']
**SupplementaryGroups=['moonraker-admin']
**EnvironmentFiles=/home/voron/printer_data/systemd/moonraker.env
**ExecStart=/home/voron/moonraker-env/bin/python $MOONRAKER_ARGS
**WorkingDirectory=
**FragmentPath=/etc/systemd/system/moonraker.service
**Description=API Server for Klipper SV1
**User=voron
2026-09-16 17:34:27,589 [server.py:_initialize_component()] - Performing Component Post Init: [proc_stats]
2026-09-16 17:34:27,589 [server.py:_initialize_component()] - Performing Component Post Init: [history]
2026-09-16 17:34:27,659 [server.py:_initialize_component()] - Performing Component Post Init: [announcements]
2026-09-16 17:34:27,662 [server.py:_initialize_component()] - Performing Component Post Init: [webcam]
2026-09-16 17:34:27,663 [webcam.py:_set_default_host_ip()] - Default public webcam address set: http://192.168.1.43
2026-09-16 17:34:27,676 [server.py:_initialize_component()] - Performing Component Post Init: [klippy_connection]
2026-09-16 17:34:27,677 [server.py:add_log_rollover_item()] - 
Systemd unit klipper.service:
unit_name: klipper.service
is_default: True
manager: systemd
Properties:
**Requires=['-.mount', 'sysinit.target', 'system.slice']
**After=['systemd-journald.socket', 'sysinit.target', 'system.slice', '-.mount', 'basic.target', 'network-online.target']
**SupplementaryGroups=[]
**EnvironmentFiles=/home/voron/printer_data/systemd/klipper.env
**ExecStart=/home/voron/klippy-env/bin/python $KLIPPER_ARGS
**WorkingDirectory=/home/voron/klipper
**FragmentPath=/etc/systemd/system/klipper.service
**Description=Klipper 3D Printer Firmware SV1
**User=voron
2026-09-16 17:34:27,677 [server.py:_initialize_component()] - Performing Component Post Init: [update_manager]
2026-09-16 17:34:28,220 [base_deploy.py:log_info()] - PackageDeploy: PackageKit Provider Configured
2026-09-16 17:34:28,223 [base_deploy.py:log_info()] - Git Repo moonraker: Pip Version: 25.2, Python Version: 3.11
Last checked on 2026-08-29 10:20:17.481566+00:00
2026-09-16 17:34:28,224 [git_deploy.py:log_repo_info()] - Git Repo moonraker Detected:
Owner: Arksine
Repository Name: moonraker
Path: /home/voron/moonraker
Remote: origin
Branch: master
Remote URL: https://github.com/Arksine/moonraker.git
Recovery URL: https://github.com/Arksine/moonraker.git
Current Commit SHA: 985c1d0bbeb90bc057d34a232c9dc3b05e0c6c8d
Upstream Commit SHA: 1cfb0c41e468645951a371621f06d32777b6107c
Current Version: v0.11.0-0-g985c1d0b
Upstream Version: v0.11.0-1-g1cfb0c41
Rollback Commit: d5ee17128bb88434aacdab90c2e9e990e2b64e4a
Rollback Branch: master
Rollback Version: v0.10.0-31-gd5ee1712
Is Dirty: False
Is Detached: False
Is Shallow: False
Commits Behind Count: 1
Diverged: False
Pinned Commit: None
Repo Warnings:
  Repo has untracked source files: ['moonraker/components/timelapse.py']
2026-09-16 17:34:28,226 [base_deploy.py:log_info()] - Git Repo klipper: Pip Version: 26.1.2, Python Version: 3.11
Last checked on 2026-08-20 10:26:03.516278+00:00
2026-09-16 17:34:28,227 [git_deploy.py:log_repo_info()] - Git Repo klipper Detected:
Owner: Klipper3d
Repository Name: klipper
Path: /home/voron/klipper
Remote: origin
Branch: master
Remote URL: https://github.com/Klipper3d/klipper.git
Recovery URL: https://github.com/Klipper3d/klipper.git
Current Commit SHA: 60fc7aa67a8da9abb43a2bad825d4992294ebf3f
Upstream Commit SHA: 2d7717e3b62ea2fe3401b27f54f8681f80451c69
Current Version: v0.13.0-740-g60fc7aa6
Upstream Version: v0.13.0-756-g2d7717e3
Rollback Commit: d6ea62542d3f14a1faf55305c85ed0cbe361a233
Rollback Branch: master
Rollback Version: v0.13.0-700-gd6ea6254
Is Dirty: False
Is Detached: False
Is Shallow: False
Commits Behind Count: 16
Diverged: False
Pinned Commit: None
Repo Warnings:
  Repo has untracked source files: ['klippy/extras/axiscope.py', 'klippy/extras/bed_thermal_adjust.py', 'klippy/extras/ktamv.py', 'klippy/extras/ktamv_utl.py', 'klippy/extras/manual_rail.py', 'klippy/extras/multi_fan.py', 'klippy/extras/rounded_path.py', 'klippy/extras/tool.py', 'klippy/extras/tool_crash.py', 'klippy/extras/tool_probe.py', 'klippy/extras/tool_probe_endstop.py', 'klippy/extras/toolchanger.py', 'klippy/extras/tools_calibrate.py']
2026-09-16 17:34:28,235 [base_deploy.py:log_info()] - Web Client mainsail: Detected
Repo: mainsail-crew/mainsail
Channel: stable
Path: /home/voron/mainsail
Local Version: v2.18.2
Remote Version: v2.19.0
Valid: True
Fallback Detected: False
Pre-release: False
Download Url: https://github.com/mainsail-crew/mainsail/releases/download/v2.19.0/mainsail.zip
Download Size: 3137812
Content Type: application/zip
Rollback Version: v2.18.0
Rollback Repo: mainsail-crew/mainsail
2026-09-16 17:34:28,241 [git_deploy.py:log_repo_info()] - Git Repo mainsail-config Detected:
Owner: mainsail-crew
Repository Name: mainsail-config
Path: /home/voron/mainsail-config
Remote: origin
Branch: master
Remote URL: https://github.com/mainsail-crew/mainsail-config.git
Recovery URL: https://github.com/mainsail-crew/mainsail-config.git
Current Commit SHA: ff3869a621db17ce3ef660adbbd3fa321995ac42
Upstream Commit SHA: ff3869a621db17ce3ef660adbbd3fa321995ac42
Current Version: v1.2.1-1-gff3869a6
Upstream Version: v1.2.1-1-gff3869a6
Rollback Commit: ff3869a621db17ce3ef660adbbd3fa321995ac42
Rollback Branch: master
Rollback Version: v1.2.1-1-gff3869a6
Is Dirty: False
Is Detached: False
Is Shallow: False
Commits Behind Count: 0
Diverged: False
Pinned Commit: None
2026-09-16 17:34:28,242 [base_deploy.py:log_info()] - Git Repo KlipperScreen: Pip Version: 25.2, Python Version: 3.11
Last checked on 2026-08-20 10:25:19.039764+00:00
2026-09-16 17:34:28,243 [git_deploy.py:log_repo_info()] - Git Repo KlipperScreen Detected:
Owner: KlipperScreen
Repository Name: KlipperScreen
Path: /home/voron/KlipperScreen
Remote: origin
Branch: master
Remote URL: https://github.com/KlipperScreen/KlipperScreen.git
Recovery URL: https://github.com/KlipperScreen/KlipperScreen.git
Current Commit SHA: fbe7451c8177bb091d225fbdf248cf9c885ab6b8
Upstream Commit SHA: 3791fdf749df20c2a32fc43818749aa9f1754a9f
Current Version: v0.4.7-166-gfbe7451c
Upstream Version: v0.4.7-183-g3791fdf7
Rollback Commit: 686d106a27e613b318f864a310e1ed53990b9d42
Rollback Branch: master
Rollback Version: v0.4.7-158-g686d106a
Is Dirty: False
Is Detached: False
Is Shallow: False
Commits Behind Count: 17
Diverged: False
Pinned Commit: None
2026-09-16 17:34:28,245 [git_deploy.py:log_repo_info()] - Git Repo crowsnest Detected:
Owner: mainsail-crew
Repository Name: crowsnest
Path: /home/voron/crowsnest
Remote: origin
Branch: master
Remote URL: https://github.com/mainsail-crew/crowsnest.git
Recovery URL: https://github.com/mainsail-crew/crowsnest.git
Current Commit SHA: cf936dabdcf6a3d1eb0138d8eea9044745b40db6
Upstream Commit SHA: cf936dabdcf6a3d1eb0138d8eea9044745b40db6
Current Version: v4.2.0-1-gcf936dab
Upstream Version: v4.2.0-1-gcf936dab
Rollback Commit: 059fa8775f60503f7aca4bb4812795997b35b142
Rollback Branch: master
Rollback Version: v4.1.16-1-g059fa877
Is Dirty: False
Is Detached: False
Is Shallow: False
Commits Behind Count: 0
Diverged: False
Pinned Commit: None
2026-09-16 17:34:28,247 [git_deploy.py:log_repo_info()] - Git Repo sonar Detected:
Owner: mainsail-crew
Repository Name: sonar
Path: /home/voron/sonar
Remote: origin
Branch: main
Remote URL: https://github.com/mainsail-crew/sonar.git
Recovery URL: https://github.com/mainsail-crew/sonar.git
Current Commit SHA: 0d1d7c89bbb97fb5f54c80f7814ef322c24d6e45
Upstream Commit SHA: 0d1d7c89bbb97fb5f54c80f7814ef322c24d6e45
Current Version: v0.2.0-1-g0d1d7c89
Upstream Version: v0.2.0-1-g0d1d7c89
Rollback Commit: 3fe23fef07dbc19a9b66bdd111bbd1d574d19955
Rollback Branch: main
Rollback Version: v0.2.0-0-g3fe23fef
Is Dirty: False
Is Detached: False
Is Shallow: False
Commits Behind Count: 0
Diverged: False
Pinned Commit: None
2026-09-16 17:34:28,252 [git_deploy.py:log_repo_info()] - Git Repo timelapse Detected:
Owner: mainsail-crew
Repository Name: moonraker-timelapse
Path: /home/voron/moonraker-timelapse
Remote: origin
Branch: main
Remote URL: https://github.com/mainsail-crew/moonraker-timelapse.git
Recovery URL: https://github.com/mainsail-crew/moonraker-timelapse.git
Current Commit SHA: c7fff11e542b95e0e15b8bb1443cea8159ac0274
Upstream Commit SHA: c7fff11e542b95e0e15b8bb1443cea8159ac0274
Current Version: v0.0.1-143-gc7fff11e
Upstream Version: v0.0.1-143-gc7fff11e
Rollback Commit: c7fff11e542b95e0e15b8bb1443cea8159ac0274
Rollback Branch: main
Rollback Version: v0.0.1-143-gc7fff11e
Is Dirty: False
Is Detached: False
Is Shallow: False
Commits Behind Count: 0
Diverged: False
Pinned Commit: None
2026-09-16 17:34:28,256 [base_deploy.py:log_info()] - Python Package cartographer_plugin: Pip Version: 26.1.2, Python Version: 3.11
Last checked on 2026-08-20 09:56:36.833274+00:00
2026-09-16 17:34:28,256 [python_deploy.py:_log_package_info()] - Python Package cartographer_plugin detected:
Channel: stable
Package Source: PIP
Repo Owner: Cartographer3D
Repo Name: cartographer3d-plugin
Repo URL: https://github.com/Cartographer3D/cartographer3d-plugin
Changelog URL: 
Full Version String: 1.9.0
Current Version: 1.9.0
Current Commit SHA: 
Upstream Version: 1.9.0
Upstream Commit SHA: 
Converted Git Version: 1.9.0-0
Rollback Version: 1.8.0
Rollback Ref: 1.8.0

2026-09-16 17:34:28,265 [git_deploy.py:log_repo_info()] - Git Repo Klippain-ShakeTune Detected:
Owner: Frix-x
Repository Name: klippain-shaketune
Path: /home/voron/klippain_shaketune
Remote: origin
Branch: main
Remote URL: https://github.com/Frix-x/klippain-shaketune.git
Recovery URL: https://github.com/Frix-x/klippain-shaketune.git
Current Commit SHA: 354ee4be6db218715239f7b9411c2c37fdea23dd
Upstream Commit SHA: 354ee4be6db218715239f7b9411c2c37fdea23dd
Current Version: v6.0.0-0-g354ee4be
Upstream Version: v6.0.0-0-g354ee4be
Rollback Commit: 354ee4be6db218715239f7b9411c2c37fdea23dd
Rollback Branch: main
Rollback Version: v6.0.0-0-g354ee4be
Is Dirty: False
Is Detached: False
Is Shallow: False
Commits Behind Count: 0
Diverged: False
Pinned Commit: None
2026-09-16 17:34:28,268 [git_deploy.py:log_repo_info()] - Git Repo klipper-toolchanger-easy Detected:
Owner: jwellman80
Repository Name: klipper-toolchanger-easy
Path: /home/voron/klipper-toolchanger-easy
Remote: origin
Branch: main
Remote URL: https://github.com/jwellman80/klipper-toolchanger-easy.git
Recovery URL: https://github.com/jwellman80/klipper-toolchanger-easy.git
Current Commit SHA: e881fe40949a3999b0d63f59c22df589474eae9b
Upstream Commit SHA: e881fe40949a3999b0d63f59c22df589474eae9b
Current Version: v0.0.0-258-ge881fe40-inferred
Upstream Version: v0.0.0-258-inferred
Rollback Commit: bc2b5c4c466d2f57233ac844371936b290eb4b9a
Rollback Branch: main
Rollback Version: v0.0.0-252-gbc2b5c4c-inferred
Is Dirty: False
Is Detached: False
Is Shallow: False
Commits Behind Count: 0
Diverged: False
Pinned Commit: None
2026-09-16 17:34:28,278 [git_deploy.py:log_repo_info()] - Git Repo All-Config-Voron Detected:
Owner: IDcrazy123
Repository Name: All-Config-Voron
Path: /home/voron/All-Config-Voron
Remote: origin
Branch: main
Remote URL: https://github.com/IDcrazy123/All-Config-Voron.git
Recovery URL: https://github.com/IDcrazy123/All-Config-Voron.git
Current Commit SHA: c690f4681f87c948b3cd28745242d80a3afe69eb
Upstream Commit SHA: c690f4681f87c948b3cd28745242d80a3afe69eb
Current Version: v0.0.0-284-gc690f468-inferred
Upstream Version: v0.0.0-284-inferred
Rollback Commit: 0f8d05944ce01705b07210f3e1b5beb500301a94
Rollback Branch: main
Rollback Version: v0.0.0-264-g0f8d0594-inferred
Is Dirty: False
Is Detached: False
Is Shallow: False
Commits Behind Count: 0
Diverged: False
Pinned Commit: None
2026-09-16 17:34:28,278 [base_deploy.py:log_info()] - PackageKit: Next refresh in: 4 Days, 27 Minutes, 34 Seconds
2026-09-16 17:34:28,279 [base_deploy.py:log_info()] - Git Repo moonraker: Next refresh in: 4 Days, 27 Minutes, 35 Seconds
2026-09-16 17:34:28,279 [base_deploy.py:log_info()] - Git Repo klipper: Next refresh in: 4 Days, 27 Minutes, 37 Seconds
2026-09-16 17:34:28,279 [base_deploy.py:log_info()] - Web Client mainsail: Next refresh in: 4 Days, 27 Minutes, 37 Seconds
2026-09-16 17:34:28,279 [base_deploy.py:log_info()] - Git Repo mainsail-config: Next refresh in: 4 Days, 27 Minutes, 38 Seconds
2026-09-16 17:34:28,279 [base_deploy.py:log_info()] - Git Repo KlipperScreen: Next refresh in: 4 Days, 27 Minutes, 40 Seconds
2026-09-16 17:34:28,279 [base_deploy.py:log_info()] - Git Repo crowsnest: Next refresh in: 4 Days, 27 Minutes, 41 Seconds
2026-09-16 17:34:28,279 [base_deploy.py:log_info()] - Git Repo sonar: Next refresh in: 4 Days, 27 Minutes, 42 Seconds
2026-09-16 17:34:28,279 [base_deploy.py:log_info()] - Git Repo timelapse: Next refresh in: 4 Days, 27 Minutes, 44 Seconds
2026-09-16 17:34:28,279 [base_deploy.py:log_info()] - Python Package cartographer_plugin: Next refresh in: 4 Days, 27 Minutes, 47 Seconds
2026-09-16 17:34:28,279 [base_deploy.py:log_info()] - Git Repo Klippain-ShakeTune: Next refresh in: 4 Days, 27 Minutes, 48 Seconds
2026-09-16 17:34:28,279 [base_deploy.py:log_info()] - Git Repo klipper-toolchanger-easy: Next refresh in: 4 Days, 27 Minutes, 49 Seconds
2026-09-16 17:34:28,279 [base_deploy.py:log_info()] - Git Repo All-Config-Voron: Next refresh in: 4 Days, 27 Minutes, 51 Seconds
2026-09-16 17:34:29,854 [confighelper.py:create_backup()] - Backing up last working configuration to '/home/voron/printer_data/config/.moonraker.conf.bkp'
2026-09-16 17:34:29,873 [extensions.py:start_unix_server()] - Creating Unix Domain Socket at '/home/voron/printer_data/comms/moonraker.sock'
2026-09-16 17:34:29,874 [server.py:start_server()] - Starting Moonraker on (0.0.0.0, 7125), Hostname: voron-local
2026-09-16 17:34:29,876 [application.py:listen()] - SSL Certificate/Key not configured, aborting HTTPS Server startup
2026-09-16 17:34:30,131 [klippy_connection.py:_do_connect()] - Klippy Connection Established
2026-09-16 17:34:30,184 [server.py:add_log_rollover_item()] - 
Systemd unit klipper.service:
unit_name: klipper.service
is_default: True
manager: systemd
Properties:
**Requires=['-.mount', 'system.slice', 'sysinit.target']
**After=['-.mount', 'systemd-journald.socket', 'network-online.target', 'sysinit.target', 'basic.target', 'system.slice']
**SupplementaryGroups=[]
**EnvironmentFiles=/home/voron/printer_data/systemd/klipper.env
**ExecStart=/home/voron/klippy-env/bin/python $KLIPPER_ARGS
**WorkingDirectory=/home/voron/klipper
**FragmentPath=/etc/systemd/system/klipper.service
**Description=Klipper 3D Printer Firmware SV1
**User=voron
2026-09-16 17:34:32,533 [server.py:add_log_rollover_item()] - Klipper Version: v0.13.0-740-g60fc7aa67-dirty
2026-09-16 17:34:34,129 [authorization.py:_check_trusted_connection()] - Trusted Connection Detected, IP: 127.0.0.1
2026-09-16 17:34:34,132 [application.py:log_request()] - 101 GET /websocket?token= (127.0.0.1) [_TRUSTED_USER_] 3.73ms
2026-09-16 17:34:34,132 [websockets.py:open()] - Websocket Opened: ID: 547981109904, Proxied: False, User Agent: , Host Name: 127.0.0.1
2026-09-16 17:34:34,172 [websockets.py:_handle_identify()] - Websocket 547981109904 Client Identified - Name: KlipperScreen, Version: v0.4.7-166-gfbe7451, Type: display
2026-09-16 17:34:37,360 [authorization.py:_check_trusted_connection()] - Trusted Connection Detected, IP: 192.168.1.52
2026-09-16 17:34:37,362 [application.py:log_request()] - 101 GET /websocket (192.168.1.52 via 127.0.0.1) [_TRUSTED_USER_] 2.98ms
2026-09-16 17:34:37,362 [websockets.py:open()] - Websocket Opened: ID: 547980423952, Proxied: True, User Agent: Mozilla/5.0 (Windows NT 10.0; Win64; x64) AppleWebKit/537.36 (KHTML, like Gecko) Chrome/153.0.0.0 Safari/537.36 Edg/153.0.0.0, Host Name: 192.168.1.43
2026-09-16 17:34:37,406 [websockets.py:_handle_identify()] - Websocket 547980423952 Client Identified - Name: mainsail, Version: 2.18.2, Type: web
2026-09-16 17:34:39,071 [file_manager.py:get_file_list()] - Updating File List <gcodes>...
2026-09-16 17:34:39,372 [klippy_connection.py:_request_initial_subscriptions()] - Webhooks Subscribed
2026-09-16 17:34:39,458 [klippy_connection.py:_request_initial_subscriptions()] - GCode Output Subscribed
2026-09-16 17:34:39,571 [job_state.py:_handle_started()] - Job state initialized: standby
2026-09-16 17:34:39,829 [klippy_connection.py:_check_ready()] - Klippy ready
2026-09-16 17:34:40,332 [data_store.py:_init_sensors()] - Configuring available sensors: ['temperature_sensor cartographer_coil', 'temperature_sensor cartographer', 'temperature_sensor chamber', 'heater_bed', 'temperature_fan cm4_fan', 'temperature_fan enclosure_fan', 'extruder', 'extruder1', 'extruder2', 'extruder3', 'extruder4']
2026-09-16 19:19:43,222 [klippy_connection.py:wait()] - Request 'gcode/script' pending: 60.00 seconds
2026-09-16 19:22:45,347 [authorization.py:_prune_conn_handler()] - Trusted Connection Expired, IP: 127.0.0.1
2026-09-16 19:22:45,347 [authorization.py:_prune_conn_handler()] - Trusted Connection Expired, IP: 192.168.1.52
2026-09-16 19:22:56,515 [common.py:build_error()] - JSON-RPC Request Error - Requested Method: machine.device_power.off, Code: -32601, Message: Method not found
2026-09-16 19:36:42,445 [klippy_connection.py:_on_connection_closed()] - Klippy Connection Removed
2026-09-16 19:36:42,501 [common.py:build_error()] - JSON-RPC Request Error - Requested Method: machine.device_power.on, Code: -32601, Message: Method not found
2026-09-16 19:36:42,563 [common.py:build_error()] - JSON-RPC Request Error - Requested Method: machine.device_power.on, Code: -32601, Message: Method not found
2026-09-16 19:36:42,701 [common.py:build_error()] - JSON-RPC Request Error - Requested Method: printer.info, Code: 503, Message: Klippy Host not connected
2026-09-16 19:36:43,463 [klippy_connection.py:_do_connect()] - Klippy Connection Established
2026-09-16 19:36:43,520 [server.py:add_log_rollover_item()] - 
Systemd unit klipper.service:
unit_name: klipper.service
is_default: True
manager: systemd
Properties:
**Requires=['sysinit.target', '-.mount', 'system.slice']
**After=['basic.target', 'system.slice', '-.mount', 'network-online.target', 'sysinit.target', 'systemd-journald.socket']
**SupplementaryGroups=[]
**EnvironmentFiles=/home/voron/printer_data/systemd/klipper.env
**ExecStart=/home/voron/klippy-env/bin/python $KLIPPER_ARGS
**WorkingDirectory=/home/voron/klipper
**FragmentPath=/etc/systemd/system/klipper.service
**Description=Klipper 3D Printer Firmware SV1
**User=voron
2026-09-16 19:36:53,696 [klippy_connection.py:_request_initial_subscriptions()] - Webhooks Subscribed
2026-09-16 19:36:53,699 [klippy_connection.py:_request_initial_subscriptions()] - GCode Output Subscribed
2026-09-16 19:36:53,717 [file_manager.py:get_file_list()] - Updating File List <gcodes>...
2026-09-16 19:36:54,022 [job_state.py:_handle_started()] - Job state initialized: standby
2026-09-16 19:36:54,257 [klippy_connection.py:_check_ready()] - Klippy ready
2026-09-16 19:36:54,710 [data_store.py:_init_sensors()] - Configuring available sensors: ['temperature_sensor cartographer_coil', 'temperature_sensor cartographer', 'temperature_sensor chamber', 'heater_bed', 'temperature_fan cm4_fan', 'temperature_fan enclosure_fan', 'extruder', 'extruder1', 'extruder2', 'extruder3', 'extruder4']
2026-09-16 19:37:13,235 [authorization.py:_check_trusted_connection()] - Trusted Connection Detected, IP: 192.168.1.52
2026-09-16 19:37:19,094 [application.py:prepare()] - Upload Request Received from 192.168.1.52
Content-Type: multipart/form-data; boundary=----WebKitFormBoundaryD2Sjv1WA4JeXOW2O
2026-09-16 19:37:19,103 [application.py:post()] - Processing Uploaded File: moonraker.conf
2026-09-16 19:37:19,110 [application.py:log_request()] - 201 POST /server/files/upload (192.168.1.52 via 127.0.0.1) [_TRUSTED_USER_] 17.34ms
2026-09-16 19:37:19,222 [websockets.py:on_close()] - Websocket Closed: ID: 547981109904 Close Code: 1000, Close Reason: None, Pong Time Elapsed: 6.63
2026-09-16 19:37:19,224 [websockets.py:on_close()] - Websocket Closed: ID: 547980423952 Close Code: 1001, Close Reason: Server Shutdown, Pong Time Elapsed: 3.39
2026-09-16 19:37:19,228 [klippy_connection.py:_on_connection_closed()] - Klippy Connection Removed
2026-09-16 19:37:19,762 [server.py:main()] - Attempting Server Restart...
2026-09-16 19:37:19,775 [confighelper.py:read_file()] - Configuration File '/home/voron/printer_data/config/moonraker.conf' parsed, total size: 3087 B
2026-09-16 19:37:19,776 [server.py:add_log_rollover_item()] - 
#################### Moonraker Configuration ####################

[server]
host = 0.0.0.0
port = 7125
klippy_uds_address = ~/printer_data/comms/klippy.sock

[authorization]
trusted_clients = 
	192.168.0.0/16
	100.64.0.0/10
	10.0.0.0/8
	127.0.0.0/8
	169.254.0.0/16
	172.16.0.0/12
	fd7a:115c:a1e0::/48
	FE80::/10
	::1/128
cors_domains = 
	*.lan
	*.local
	*.local:*
	*://localhost
	*://localhost:*
	*://my.mainsail.xyz
	*://app.fluidd.xyz

[octoprint_compat]

[history]

[update_manager]
channel = dev
refresh_interval = 168

[update_manager mainsail]
path = ~/mainsail
repo = mainsail-crew/mainsail
channel = stable
type = web

[update_manager mainsail-config]
managed_services = klipper
origin = https://github.com/mainsail-crew/mainsail-config.git
path = ~/mainsail-config
primary_branch = master
type = git_repo

[update_manager KlipperScreen]
install_script = scripts/KlipperScreen-install.sh
requirements = scripts/KlipperScreen-requirements.txt
env = ~/.KlipperScreen-env/bin/python
managed_services = KlipperScreen
origin = https://github.com/KlipperScreen/KlipperScreen.git
path = ~/KlipperScreen
type = git_repo

[update_manager crowsnest]
type = git_repo
path = ~/crowsnest
origin = https://github.com/mainsail-crew/crowsnest.git
managed_services = crowsnest
install_script = tools/pkglist.sh

[update_manager sonar]
type = git_repo
path = ~/sonar
origin = https://github.com/mainsail-crew/sonar.git
primary_branch = main
managed_services = sonar
install_script = tools/install.sh

[update_manager timelapse]
type = git_repo
primary_branch = main
path = ~/moonraker-timelapse
origin = https://github.com/mainsail-crew/moonraker-timelapse.git
managed_services = klipper moonraker

[update_manager cartographer_plugin]
type = python
channel = stable
virtualenv = ~/klippy-env
project_name = cartographer3d-plugin
is_system_service = False
managed_services = klipper
info_tags = desc=Cartographer Plugin

[update_manager Klippain-ShakeTune]
type = git_repo
origin = https://github.com/Frix-x/klippain-shaketune.git
path = ~/klippain_shaketune
virtualenv = ~/klippy-env
requirements = requirements.txt
system_dependencies = system-dependencies.json
primary_branch = main
managed_services = klipper

[update_manager klipper-toolchanger-easy]
type = git_repo
path = ~/klipper-toolchanger-easy
origin = https://github.com/jwellman80/klipper-toolchanger-easy.git
managed_services = klipper
primary_branch = main

[update_manager All-Config-Voron]
type = git_repo
path = ~/All-Config-Voron
origin = https://github.com/IDcrazy123/All-Config-Voron.git
primary_branch = main
managed_services = klipper
install_script = config/scripts/install.sh

[update_manager tool-xy-vision]
type = git_repo
path = /home/voron/tool-xy-vision
origin = https://github.com/IDcrazy123/Klipper-Camera-Vision.git
primary_branch = main
is_system_service = True
managed_services = tool-xy-vision
install_script = scripts/install.sh

#################################################################
All Configuration Files:
/home/voron/printer_data/config/moonraker.conf
#################################################################
2026-09-16 19:37:19,778 [server.py:load_component()] - Component (secrets) loaded
2026-09-16 19:37:19,779 [server.py:load_component()] - Component (template) loaded
2026-09-16 19:37:19,785 [server.py:load_component()] - Component (klippy_connection) loaded
2026-09-16 19:37:19,786 [application.py:__init__()] - Detected Tornado Version 6.5.8
2026-09-16 19:37:19,788 [server.py:load_component()] - Component (application) loaded
2026-09-16 19:37:19,789 [server.py:load_component()] - Component (websockets) loaded
2026-09-16 19:37:19,792 [server.py:add_log_rollover_item()] - Loading Sqlite database provider. Sqlite Version: 3.40.1
2026-09-16 19:37:19,795 [server.py:add_log_rollover_item()] - Unsafe Shutdown Count: 285
2026-09-16 19:37:19,798 [server.py:load_component()] - Component (database) loaded
2026-09-16 19:37:19,800 [server.py:load_component()] - Component (dbus_manager) loaded
2026-09-16 19:37:19,829 [file_manager.py:__init__()] - Using File System Observer: inotify
2026-09-16 19:37:19,853 [server.py:load_component()] - Component (file_manager) loaded
2026-09-16 19:37:19,854 [database.py:register_table()] - Found registered table authorized_users
2026-09-16 19:37:19,859 [authorization.py:__init__()] - Authorization Configuration Loaded
Trusted Clients:
192.168.0.0/16
100.64.0.0/10
10.0.0.0/8
127.0.0.0/8
169.254.0.0/16
172.16.0.0/12
fd7a:115c:a1e0::/48
fe80::/10
::1/128
CORS Domains:
.*\.lan
.*\.local
.*\.local:.*
.*://localhost
.*://localhost:.*
.*://my\.mainsail\.xyz
.*://app\.fluidd\.xyz
2026-09-16 19:37:19,861 [server.py:load_component()] - Component (authorization) loaded
2026-09-16 19:37:19,863 [server.py:load_component()] - Component (klippy_apis) loaded
2026-09-16 19:37:19,886 [server.py:add_log_rollover_item()] - 
System Info:

***python***
  version: (3, 11, 2, 'final', 0)
  version_string: 3.11.2 (main, May 12 2026, 05:17:27) [GCC 12.2.0]

***cpu_info***
  cpu_count: 4
  bits: 64bit
  processor: aarch64
  cpu_desc: 
  serial_number: 100000002b49334b
  hardware_desc: 
  model: Raspberry Pi Compute Module 4 Rev 1.1
  total_memory: 3701868
  memory_units: kB

***sd_info***
  manufacturer_id: 15
  manufacturer: Unknown
  oem_id: 0100
  product_name: BJTD4
  product_revision: 5.2
  serial_number: 00769dca
  manufacturer_date: 6/2181
  capacity: Unknown
  total_bytes: 0

***distribution***
  name: Debian GNU/Linux 12 (bookworm)
  id: debian
  version: 12
  version_parts: {'major': '12', 'minor': '', 'build_number': ''}
  like: 
  codename: bookworm
  release_info: {'name': 'MainsailOS', 'version_id': '2.2.2', 'codename': 'bookworm', 'id': 'mainsailos'}
  kernel_version: 6.12.96+rpt-rpi-v8

***virtualization***
  virt_type: none
  virt_identifier: none

***network***

***canbus***

***Allowed Services***
  klipper_mcu
  webcamd
  MoonCord
  KlipperScreen
  moonraker-telegram-bot
  moonraker-obico
  sonar
  crowsnest
  octoeverywhere
  ratos-configurator
  axiscope
2026-09-16 19:37:19,886 [server.py:load_component()] - Component (shell_command) loaded
2026-09-16 19:37:19,886 [machine.py:__init__()] - Using System Provider: systemd_dbus
2026-09-16 19:37:19,916 [server.py:add_log_rollover_item()] - Found libcamera Python module, version: v0.5.2+99-bfd68f78
2026-09-16 19:37:19,916 [server.py:load_component()] - Component (machine) loaded
2026-09-16 19:37:19,917 [server.py:load_component()] - Component (data_store) loaded
2026-09-16 19:37:19,917 [proc_stats.py:__init__()] - Detected 'vcgencmd', throttle checking enabled
2026-09-16 19:37:19,918 [proc_stats.py:_get_cpu_thermal_file()] - Monitoring temperature for Raspberry Pi CPU
2026-09-16 19:37:19,919 [server.py:load_component()] - Component (proc_stats) loaded
2026-09-16 19:37:19,919 [server.py:load_component()] - Component (job_state) loaded
2026-09-16 19:37:19,920 [server.py:load_component()] - Component (job_queue) loaded
2026-09-16 19:37:19,920 [database.py:register_table()] - Found registered table job_history
2026-09-16 19:37:19,921 [database.py:register_table()] - Found registered table job_totals
2026-09-16 19:37:19,922 [server.py:load_component()] - Component (history) loaded
2026-09-16 19:37:19,922 [server.py:load_component()] - Component (http_client) loaded
2026-09-16 19:37:19,923 [server.py:load_component()] - Component (announcements) loaded
2026-09-16 19:37:19,923 [server.py:load_component()] - Component (webcam) loaded
2026-09-16 19:37:19,924 [server.py:load_component()] - Component (extensions) loaded
2026-09-16 19:37:19,928 [base_deploy.py:log_info()] - Git Repo moonraker: Detected virtualenv: /home/voron/moonraker-env
2026-09-16 19:37:19,930 [base_deploy.py:log_info()] - Git Repo klipper: Detected virtualenv: /home/voron/klippy-env
2026-09-16 19:37:19,935 [base_deploy.py:log_info()] - Git Repo KlipperScreen: Option 'env' is deprecated, use 'virtualenv' instead.
2026-09-16 19:37:19,935 [base_deploy.py:log_info()] - Git Repo KlipperScreen: Detected virtualenv: /home/voron/.KlipperScreen-env
2026-09-16 19:37:19,942 [base_deploy.py:log_info()] - Python Package cartographer_plugin: Detected virtualenv: /home/voron/klippy-env
2026-09-16 19:37:19,971 [source_info.py:_load_release_info_json()] - Package cartographer3d_plugin-1.9.0.dist-info: Detected release_info json file
2026-09-16 19:37:19,972 [base_deploy.py:log_info()] - Python Package cartographer_plugin: Unable to find changelog url in metadata
2026-09-16 19:37:19,973 [sysdeps_parser.py:parse_dependencies()] - Dependency data has no package definition for linux distro 'debian'
2026-09-16 19:37:19,975 [base_deploy.py:log_info()] - Git Repo Klippain-ShakeTune: Detected virtualenv: /home/voron/klippy-env
2026-09-16 19:37:19,980 [server.py:add_warning()] - [update_manager tool-xy-vision]: Moonraker is not permitted to restart service 'tool-xy-vision'.  To enable management of this service add tool-xy-vision to the bottom of the file /home/voron/printer_data/moonraker.asvc.  To disable management for this service set 'is_system_service: False' in the configuration for this section.
2026-09-16 19:37:19,981 [server.py:load_component()] - Component (update_manager) loaded
2026-09-16 19:37:19,983 [server.py:load_component()] - Component (octoprint_compat) loaded
2026-09-16 19:37:19,983 [server.py:_initialize_component()] - Performing Component Post Init: [database]
2026-09-16 19:37:19,990 [server.py:_initialize_component()] - Performing Component Post Init: [dbus_manager]
2026-09-16 19:37:19,996 [server.py:_initialize_component()] - Performing Component Post Init: [authorization]
2026-09-16 19:37:19,997 [server.py:_initialize_component()] - Performing Component Post Init: [machine]
2026-09-16 19:37:19,998 [machine.py:validation_init()] - Installation version in database up to date
2026-09-16 19:37:20,407 [machine.py:check_virt_status()] - No Virtualization Detected
2026-09-16 19:37:20,429 [machine.py:_find_public_ip()] - Detected Local IP: 192.168.1.43
2026-09-16 19:37:20,430 [webcam.py:_set_default_host_ip()] - Default public webcam address set: http://192.168.1.43
2026-09-16 19:37:20,475 [server.py:add_log_rollover_item()] - 
Systemd unit moonraker.service:
unit_name: moonraker.service
is_default: True
manager: systemd
Properties:
**Requires=['system.slice', 'network-online.target', 'sysinit.target']
**After=['systemd-journald.socket', 'network-online.target', 'sysinit.target', 'system.slice', 'klipper.service', 'basic.target']
**SupplementaryGroups=['moonraker-admin']
**EnvironmentFiles=/home/voron/printer_data/systemd/moonraker.env
**ExecStart=/home/voron/moonraker-env/bin/python $MOONRAKER_ARGS
**WorkingDirectory=
**FragmentPath=/etc/systemd/system/moonraker.service
**Description=API Server for Klipper SV1
**User=voron
2026-09-16 19:37:20,476 [server.py:_initialize_component()] - Performing Component Post Init: [proc_stats]
2026-09-16 19:37:20,476 [server.py:_initialize_component()] - Performing Component Post Init: [history]
2026-09-16 19:37:20,502 [server.py:_initialize_component()] - Performing Component Post Init: [announcements]
2026-09-16 19:37:20,505 [server.py:_initialize_component()] - Performing Component Post Init: [webcam]
2026-09-16 19:37:20,505 [webcam.py:_set_default_host_ip()] - Default public webcam address set: http://192.168.1.43
2026-09-16 19:37:20,509 [server.py:_initialize_component()] - Performing Component Post Init: [klippy_connection]
2026-09-16 19:37:20,509 [server.py:add_log_rollover_item()] - 
Systemd unit klipper.service:
unit_name: klipper.service
is_default: True
manager: systemd
Properties:
**Requires=['sysinit.target', '-.mount', 'system.slice']
**After=['basic.target', 'system.slice', '-.mount', 'network-online.target', 'sysinit.target', 'systemd-journald.socket']
**SupplementaryGroups=[]
**EnvironmentFiles=/home/voron/printer_data/systemd/klipper.env
**ExecStart=/home/voron/klippy-env/bin/python $KLIPPER_ARGS
**WorkingDirectory=/home/voron/klipper
**FragmentPath=/etc/systemd/system/klipper.service
**Description=Klipper 3D Printer Firmware SV1
**User=voron
2026-09-16 19:37:20,509 [server.py:_initialize_component()] - Performing Component Post Init: [update_manager]
2026-09-16 19:37:20,766 [base_deploy.py:log_info()] - PackageDeploy: PackageKit Provider Configured
2026-09-16 19:37:20,767 [base_deploy.py:log_info()] - Git Repo moonraker: Pip Version: 25.2, Python Version: 3.11
Last checked on 2026-08-29 10:20:17.481566+00:00
2026-09-16 19:37:20,768 [git_deploy.py:log_repo_info()] - Git Repo moonraker Detected:
Owner: Arksine
Repository Name: moonraker
Path: /home/voron/moonraker
Remote: origin
Branch: master
Remote URL: https://github.com/Arksine/moonraker.git
Recovery URL: https://github.com/Arksine/moonraker.git
Current Commit SHA: 985c1d0bbeb90bc057d34a232c9dc3b05e0c6c8d
Upstream Commit SHA: 1cfb0c41e468645951a371621f06d32777b6107c
Current Version: v0.11.0-0-g985c1d0b
Upstream Version: v0.11.0-1-g1cfb0c41
Rollback Commit: d5ee17128bb88434aacdab90c2e9e990e2b64e4a
Rollback Branch: master
Rollback Version: v0.10.0-31-gd5ee1712
Is Dirty: False
Is Detached: False
Is Shallow: False
Commits Behind Count: 1
Diverged: False
Pinned Commit: None
Repo Warnings:
  Repo has untracked source files: ['moonraker/components/timelapse.py']
2026-09-16 19:37:20,769 [base_deploy.py:log_info()] - Git Repo klipper: Pip Version: 26.1.2, Python Version: 3.11
Last checked on 2026-08-20 10:26:03.516278+00:00
2026-09-16 19:37:20,769 [git_deploy.py:log_repo_info()] - Git Repo klipper Detected:
Owner: Klipper3d
Repository Name: klipper
Path: /home/voron/klipper
Remote: origin
Branch: master
Remote URL: https://github.com/Klipper3d/klipper.git
Recovery URL: https://github.com/Klipper3d/klipper.git
Current Commit SHA: 60fc7aa67a8da9abb43a2bad825d4992294ebf3f
Upstream Commit SHA: 2d7717e3b62ea2fe3401b27f54f8681f80451c69
Current Version: v0.13.0-740-g60fc7aa6
Upstream Version: v0.13.0-756-g2d7717e3
Rollback Commit: d6ea62542d3f14a1faf55305c85ed0cbe361a233
Rollback Branch: master
Rollback Version: v0.13.0-700-gd6ea6254
Is Dirty: False
Is Detached: False
Is Shallow: False
Commits Behind Count: 16
Diverged: False
Pinned Commit: None
Repo Warnings:
  Repo has untracked source files: ['klippy/extras/axiscope.py', 'klippy/extras/bed_thermal_adjust.py', 'klippy/extras/ktamv.py', 'klippy/extras/ktamv_utl.py', 'klippy/extras/manual_rail.py', 'klippy/extras/multi_fan.py', 'klippy/extras/rounded_path.py', 'klippy/extras/tool.py', 'klippy/extras/tool_crash.py', 'klippy/extras/tool_probe.py', 'klippy/extras/tool_probe_endstop.py', 'klippy/extras/toolchanger.py', 'klippy/extras/tools_calibrate.py']
2026-09-16 19:37:20,772 [base_deploy.py:log_info()] - Web Client mainsail: Detected
Repo: mainsail-crew/mainsail
Channel: stable
Path: /home/voron/mainsail
Local Version: v2.18.2
Remote Version: v2.19.0
Valid: True
Fallback Detected: False
Pre-release: False
Download Url: https://github.com/mainsail-crew/mainsail/releases/download/v2.19.0/mainsail.zip
Download Size: 3137812
Content Type: application/zip
Rollback Version: v2.18.0
Rollback Repo: mainsail-crew/mainsail
2026-09-16 19:37:20,773 [git_deploy.py:log_repo_info()] - Git Repo mainsail-config Detected:
Owner: mainsail-crew
Repository Name: mainsail-config
Path: /home/voron/mainsail-config
Remote: origin
Branch: master
Remote URL: https://github.com/mainsail-crew/mainsail-config.git
Recovery URL: https://github.com/mainsail-crew/mainsail-config.git
Current Commit SHA: ff3869a621db17ce3ef660adbbd3fa321995ac42
Upstream Commit SHA: ff3869a621db17ce3ef660adbbd3fa321995ac42
Current Version: v1.2.1-1-gff3869a6
Upstream Version: v1.2.1-1-gff3869a6
Rollback Commit: ff3869a621db17ce3ef660adbbd3fa321995ac42
Rollback Branch: master
Rollback Version: v1.2.1-1-gff3869a6
Is Dirty: False
Is Detached: False
Is Shallow: False
Commits Behind Count: 0
Diverged: False
Pinned Commit: None
2026-09-16 19:37:20,774 [base_deploy.py:log_info()] - Git Repo KlipperScreen: Pip Version: 25.2, Python Version: 3.11
Last checked on 2026-08-20 10:25:19.039764+00:00
2026-09-16 19:37:20,775 [git_deploy.py:log_repo_info()] - Git Repo KlipperScreen Detected:
Owner: KlipperScreen
Repository Name: KlipperScreen
Path: /home/voron/KlipperScreen
Remote: origin
Branch: master
Remote URL: https://github.com/KlipperScreen/KlipperScreen.git
Recovery URL: https://github.com/KlipperScreen/KlipperScreen.git
Current Commit SHA: fbe7451c8177bb091d225fbdf248cf9c885ab6b8
Upstream Commit SHA: 3791fdf749df20c2a32fc43818749aa9f1754a9f
Current Version: v0.4.7-166-gfbe7451c
Upstream Version: v0.4.7-183-g3791fdf7
Rollback Commit: 686d106a27e613b318f864a310e1ed53990b9d42
Rollback Branch: master
Rollback Version: v0.4.7-158-g686d106a
Is Dirty: False
Is Detached: False
Is Shallow: False
Commits Behind Count: 17
Diverged: False
Pinned Commit: None
2026-09-16 19:37:20,778 [git_deploy.py:log_repo_info()] - Git Repo crowsnest Detected:
Owner: mainsail-crew
Repository Name: crowsnest
Path: /home/voron/crowsnest
Remote: origin
Branch: master
Remote URL: https://github.com/mainsail-crew/crowsnest.git
Recovery URL: https://github.com/mainsail-crew/crowsnest.git
Current Commit SHA: cf936dabdcf6a3d1eb0138d8eea9044745b40db6
Upstream Commit SHA: cf936dabdcf6a3d1eb0138d8eea9044745b40db6
Current Version: v4.2.0-1-gcf936dab
Upstream Version: v4.2.0-1-gcf936dab
Rollback Commit: 059fa8775f60503f7aca4bb4812795997b35b142
Rollback Branch: master
Rollback Version: v4.1.16-1-g059fa877
Is Dirty: False
Is Detached: False
Is Shallow: False
Commits Behind Count: 0
Diverged: False
Pinned Commit: None
2026-09-16 19:37:20,779 [git_deploy.py:log_repo_info()] - Git Repo sonar Detected:
Owner: mainsail-crew
Repository Name: sonar
Path: /home/voron/sonar
Remote: origin
Branch: main
Remote URL: https://github.com/mainsail-crew/sonar.git
Recovery URL: https://github.com/mainsail-crew/sonar.git
Current Commit SHA: 0d1d7c89bbb97fb5f54c80f7814ef322c24d6e45
Upstream Commit SHA: 0d1d7c89bbb97fb5f54c80f7814ef322c24d6e45
Current Version: v0.2.0-1-g0d1d7c89
Upstream Version: v0.2.0-1-g0d1d7c89
Rollback Commit: 3fe23fef07dbc19a9b66bdd111bbd1d574d19955
Rollback Branch: main
Rollback Version: v0.2.0-0-g3fe23fef
Is Dirty: False
Is Detached: False
Is Shallow: False
Commits Behind Count: 0
Diverged: False
Pinned Commit: None
2026-09-16 19:37:20,781 [git_deploy.py:log_repo_info()] - Git Repo timelapse Detected:
Owner: mainsail-crew
Repository Name: moonraker-timelapse
Path: /home/voron/moonraker-timelapse
Remote: origin
Branch: main
Remote URL: https://github.com/mainsail-crew/moonraker-timelapse.git
Recovery URL: https://github.com/mainsail-crew/moonraker-timelapse.git
Current Commit SHA: c7fff11e542b95e0e15b8bb1443cea8159ac0274
Upstream Commit SHA: c7fff11e542b95e0e15b8bb1443cea8159ac0274
Current Version: v0.0.1-143-gc7fff11e
Upstream Version: v0.0.1-143-gc7fff11e
Rollback Commit: c7fff11e542b95e0e15b8bb1443cea8159ac0274
Rollback Branch: main
Rollback Version: v0.0.1-143-gc7fff11e
Is Dirty: False
Is Detached: False
Is Shallow: False
Commits Behind Count: 0
Diverged: False
Pinned Commit: None
2026-09-16 19:37:20,783 [base_deploy.py:log_info()] - Python Package cartographer_plugin: Pip Version: 26.1.2, Python Version: 3.11
Last checked on 2026-08-20 09:56:36.833274+00:00
2026-09-16 19:37:20,783 [python_deploy.py:_log_package_info()] - Python Package cartographer_plugin detected:
Channel: stable
Package Source: PIP
Repo Owner: Cartographer3D
Repo Name: cartographer3d-plugin
Repo URL: https://github.com/Cartographer3D/cartographer3d-plugin
Changelog URL: 
Full Version String: 1.9.0
Current Version: 1.9.0
Current Commit SHA: 
Upstream Version: 1.9.0
Upstream Commit SHA: 
Converted Git Version: 1.9.0-0
Rollback Version: 1.8.0
Rollback Ref: 1.8.0

2026-09-16 19:37:20,785 [git_deploy.py:log_repo_info()] - Git Repo Klippain-ShakeTune Detected:
Owner: Frix-x
Repository Name: klippain-shaketune
Path: /home/voron/klippain_shaketune
Remote: origin
Branch: main
Remote URL: https://github.com/Frix-x/klippain-shaketune.git
Recovery URL: https://github.com/Frix-x/klippain-shaketune.git
Current Commit SHA: 354ee4be6db218715239f7b9411c2c37fdea23dd
Upstream Commit SHA: 354ee4be6db218715239f7b9411c2c37fdea23dd
Current Version: v6.0.0-0-g354ee4be
Upstream Version: v6.0.0-0-g354ee4be
Rollback Commit: 354ee4be6db218715239f7b9411c2c37fdea23dd
Rollback Branch: main
Rollback Version: v6.0.0-0-g354ee4be
Is Dirty: False
Is Detached: False
Is Shallow: False
Commits Behind Count: 0
Diverged: False
Pinned Commit: None
2026-09-16 19:37:20,786 [git_deploy.py:log_repo_info()] - Git Repo klipper-toolchanger-easy Detected:
Owner: jwellman80
Repository Name: klipper-toolchanger-easy
Path: /home/voron/klipper-toolchanger-easy
Remote: origin
Branch: main
Remote URL: https://github.com/jwellman80/klipper-toolchanger-easy.git
Recovery URL: https://github.com/jwellman80/klipper-toolchanger-easy.git
Current Commit SHA: e881fe40949a3999b0d63f59c22df589474eae9b
Upstream Commit SHA: e881fe40949a3999b0d63f59c22df589474eae9b
Current Version: v0.0.0-258-ge881fe40-inferred
Upstream Version: v0.0.0-258-inferred
Rollback Commit: bc2b5c4c466d2f57233ac844371936b290eb4b9a
Rollback Branch: main
Rollback Version: v0.0.0-252-gbc2b5c4c-inferred
Is Dirty: False
Is Detached: False
Is Shallow: False
Commits Behind Count: 0
Diverged: False
Pinned Commit: None
2026-09-16 19:37:20,787 [git_deploy.py:log_repo_info()] - Git Repo All-Config-Voron Detected:
Owner: IDcrazy123
Repository Name: All-Config-Voron
Path: /home/voron/All-Config-Voron
Remote: origin
Branch: main
Remote URL: https://github.com/IDcrazy123/All-Config-Voron.git
Recovery URL: https://github.com/IDcrazy123/All-Config-Voron.git
Current Commit SHA: c690f4681f87c948b3cd28745242d80a3afe69eb
Upstream Commit SHA: c690f4681f87c948b3cd28745242d80a3afe69eb
Current Version: v0.0.0-284-gc690f468-inferred
Upstream Version: v0.0.0-284-inferred
Rollback Commit: 0f8d05944ce01705b07210f3e1b5beb500301a94
Rollback Branch: main
Rollback Version: v0.0.0-264-g0f8d0594-inferred
Is Dirty: False
Is Detached: False
Is Shallow: False
Commits Behind Count: 0
Diverged: False
Pinned Commit: None
2026-09-16 19:37:20,789 [base_deploy.py:log_info()] - PackageKit: Next refresh in: 3 Days, 22 Hours, 24 Minutes, 41 Seconds
2026-09-16 19:37:20,789 [base_deploy.py:log_info()] - Git Repo moonraker: Next refresh in: 3 Days, 22 Hours, 24 Minutes, 43 Seconds
2026-09-16 19:37:20,790 [base_deploy.py:log_info()] - Git Repo klipper: Next refresh in: 3 Days, 22 Hours, 24 Minutes, 44 Seconds
2026-09-16 19:37:20,790 [base_deploy.py:log_info()] - Web Client mainsail: Next refresh in: 3 Days, 22 Hours, 24 Minutes, 45 Seconds
2026-09-16 19:37:20,790 [base_deploy.py:log_info()] - Git Repo mainsail-config: Next refresh in: 3 Days, 22 Hours, 24 Minutes, 46 Seconds
2026-09-16 19:37:20,790 [base_deploy.py:log_info()] - Git Repo KlipperScreen: Next refresh in: 3 Days, 22 Hours, 24 Minutes, 47 Seconds
2026-09-16 19:37:20,790 [base_deploy.py:log_info()] - Git Repo crowsnest: Next refresh in: 3 Days, 22 Hours, 24 Minutes, 49 Seconds
2026-09-16 19:37:20,790 [base_deploy.py:log_info()] - Git Repo sonar: Next refresh in: 3 Days, 22 Hours, 24 Minutes, 50 Seconds
2026-09-16 19:37:20,790 [base_deploy.py:log_info()] - Git Repo timelapse: Next refresh in: 3 Days, 22 Hours, 24 Minutes, 51 Seconds
2026-09-16 19:37:20,790 [base_deploy.py:log_info()] - Python Package cartographer_plugin: Next refresh in: 3 Days, 22 Hours, 24 Minutes, 54 Seconds
2026-09-16 19:37:20,790 [base_deploy.py:log_info()] - Git Repo Klippain-ShakeTune: Next refresh in: 3 Days, 22 Hours, 24 Minutes, 55 Seconds
2026-09-16 19:37:20,790 [base_deploy.py:log_info()] - Git Repo klipper-toolchanger-easy: Next refresh in: 3 Days, 22 Hours, 24 Minutes, 57 Seconds
2026-09-16 19:37:20,790 [base_deploy.py:log_info()] - Git Repo All-Config-Voron: Next refresh in: 3 Days, 22 Hours, 24 Minutes, 58 Seconds
2026-09-16 19:37:21,941 [extensions.py:start_unix_server()] - Creating Unix Domain Socket at '/home/voron/printer_data/comms/moonraker.sock'
2026-09-16 19:37:21,942 [server.py:start_server()] - Starting Moonraker on (0.0.0.0, 7125), Hostname: voron-local
2026-09-16 19:37:21,943 [application.py:listen()] - SSL Certificate/Key not configured, aborting HTTPS Server startup
2026-09-16 19:37:21,977 [shell_command.py:_check_proc_success()] - Command (git -C /home/voron/tool-xy-vision status --porcelain -b) successfully finished
2026-09-16 19:37:21,997 [shell_command.py:_check_proc_success()] - Command (git -C /home/voron/tool-xy-vision branch --list --no-color) successfully finished
2026-09-16 19:37:22,041 [shell_command.py:_check_proc_success()] - Command (git -C /home/voron/tool-xy-vision remote get-url origin) successfully finished
2026-09-16 19:37:22,216 [klippy_connection.py:_do_connect()] - Klippy Connection Established
2026-09-16 19:37:22,298 [authorization.py:_check_trusted_connection()] - Trusted Connection Detected, IP: 192.168.1.52
2026-09-16 19:37:22,299 [application.py:log_request()] - 101 GET /websocket (192.168.1.52 via 127.0.0.1) [_TRUSTED_USER_] 3.42ms
2026-09-16 19:37:22,300 [websockets.py:open()] - Websocket Opened: ID: 547723670096, Proxied: True, User Agent: Mozilla/5.0 (Windows NT 10.0; Win64; x64) AppleWebKit/537.36 (KHTML, like Gecko) Chrome/153.0.0.0 Safari/537.36 Edg/153.0.0.0, Host Name: 192.168.1.43
2026-09-16 19:37:22,305 [websockets.py:_handle_identify()] - Websocket 547723670096 Client Identified - Name: mainsail, Version: 2.18.2, Type: web
2026-09-16 19:37:22,454 [common.py:build_error()] - JSON-RPC Request Error - Requested Method: printer.objects.query, Code: -32601, Message: Method not found
2026-09-16 19:37:22,518 [server.py:add_log_rollover_item()] - Klipper Version: v0.13.0-740-g60fc7aa67-dirty
2026-09-16 19:37:22,528 [klippy_connection.py:_request_initial_subscriptions()] - Webhooks Subscribed
2026-09-16 19:37:22,530 [klippy_connection.py:_request_initial_subscriptions()] - GCode Output Subscribed
2026-09-16 19:37:22,779 [job_state.py:_handle_started()] - Job state initialized: standby
2026-09-16 19:37:23,044 [klippy_connection.py:_check_ready()] - Klippy ready
2026-09-16 19:37:23,483 [authorization.py:_check_trusted_connection()] - Trusted Connection Detected, IP: 127.0.0.1
2026-09-16 19:37:23,484 [application.py:log_request()] - 101 GET /websocket?token= (127.0.0.1) [_TRUSTED_USER_] 3.39ms
2026-09-16 19:37:23,485 [websockets.py:open()] - Websocket Opened: ID: 547982092304, Proxied: False, User Agent: , Host Name: 127.0.0.1
2026-09-16 19:37:23,523 [websockets.py:_handle_identify()] - Websocket 547982092304 Client Identified - Name: KlipperScreen, Version: v0.4.7-166-gfbe7451, Type: display
2026-09-16 19:37:23,554 [data_store.py:_init_sensors()] - Configuring available sensors: ['temperature_sensor cartographer_coil', 'temperature_sensor cartographer', 'temperature_sensor chamber', 'heater_bed', 'temperature_fan cm4_fan', 'temperature_fan enclosure_fan', 'extruder', 'extruder1', 'extruder2', 'extruder3', 'extruder4']
2026-09-16 19:37:23,764 [shell_command.py:_check_proc_success()] - Command (git -C /home/voron/tool-xy-vision fetch origin --prune --progress) successfully finished
2026-09-16 19:37:23,787 [shell_command.py:_check_proc_success()] - Command (git -C /home/voron/tool-xy-vision merge-base --is-ancestor HEAD origin/main) successfully finished
2026-09-16 19:37:23,846 [shell_command.py:_check_proc_success()] - Command (git -C /home/voron/tool-xy-vision rev-parse HEAD) successfully finished
2026-09-16 19:37:23,870 [shell_command.py:_check_proc_success()] - Command (git -C /home/voron/tool-xy-vision describe --always --tags --long --dirty --abbrev=8) successfully finished
2026-09-16 19:37:23,889 [shell_command.py:_check_proc_success()] - Command (git -C /home/voron/tool-xy-vision rev-parse origin/main) successfully finished
2026-09-16 19:37:23,908 [shell_command.py:_check_proc_success()] - Command (git -C /home/voron/tool-xy-vision describe origin/main --always --tags --long --abbrev=8) successfully finished
2026-09-16 19:37:23,937 [shell_command.py:_check_proc_success()] - Command (git -C /home/voron/tool-xy-vision rev-list HEAD..af95c80e96f6c73ab618f6a82e944aca6361516c --count) successfully finished
2026-09-16 19:37:23,957 [shell_command.py:_check_proc_success()] - Command (git -C /home/voron/tool-xy-vision rev-list HEAD --count) successfully finished
2026-09-16 19:37:23,958 [git_deploy.py:_set_versions()] - Git repo tool-xy-vision: Failed to detect current version, got '83c3f124-dirty'. Falling back to inferred version: v0.0.0-7-g83c3f124-dirty-inferred
2026-09-16 19:37:23,983 [shell_command.py:_check_proc_success()] - Command (git -C /home/voron/tool-xy-vision rev-list af95c80e96f6c73ab618f6a82e944aca6361516c --count) successfully finished
2026-09-16 19:37:23,984 [git_deploy.py:_set_versions()] - Git repo tool-xy-vision: Failed to detect upstream version, got 'af95c80e'. Falling back to inferred version: v0.0.0-8-inferred
2026-09-16 19:37:24,004 [shell_command.py:_check_proc_success()] - Command (git -C /home/voron/tool-xy-vision log 83c3f124f3d83b3770d1926e32bfb65c5d274618..origin/main --format="sha:%H%x1Dauthor:%an%x1Ddate:%ct%x1Dsubject:%s%x1Dmessage:%b%x1E" --max-count=100) successfully finished
2026-09-16 19:37:24,026 [shell_command.py:_check_proc_success()] - Command (git -C /home/voron/tool-xy-vision for-each-ref --count=100 --sort='-creatordate' --contains=HEAD --merged=origin/main --format='%(if)%(*objecttype)%(then)%(*objecttype) %(*objectname)%(else)%(objecttype) %(objectname)%(end) %(refname)' 'refs/tags') successfully finished
2026-09-16 19:37:24,027 [git_deploy.py:log_repo_info()] - Git Repo tool-xy-vision Detected:
Owner: IDcrazy123
Repository Name: Klipper-Camera-Vision
Path: /home/voron/tool-xy-vision
Remote: origin
Branch: main
Remote URL: https://github.com/IDcrazy123/Klipper-Camera-Vision.git
Recovery URL: https://github.com/IDcrazy123/Klipper-Camera-Vision.git
Current Commit SHA: 83c3f124f3d83b3770d1926e32bfb65c5d274618
Upstream Commit SHA: af95c80e96f6c73ab618f6a82e944aca6361516c
Current Version: v0.0.0-7-g83c3f124-dirty-inferred
Upstream Version: v0.0.0-8-inferred
Rollback Commit: 83c3f124f3d83b3770d1926e32bfb65c5d274618
Rollback Branch: main
Rollback Version: v0.0.0-7-g83c3f124-dirty-inferred
Is Dirty: True
Is Detached: False
Is Shallow: False
Commits Behind Count: 1
Diverged: False
Pinned Commit: None
Repo Warnings:
  Repo is dirty.  Detected the following modified files: ['klippy/extras/tool_xy_vision/adapters/klipper_toolchanger.py', 'klippy/extras/tool_xy_vision/commands.py', 'klippy/extras/tool_xy_vision/navigator.py', 'scripts/doctor.py']
2026-09-16 19:37:24,027 [base_deploy.py:log_info()] - Git Repo tool-xy-vision: Channel: dev
2026-09-16 19:37:24,027 [base_deploy.py:log_info()] - Git Repo tool-xy-vision: Repo validation check failed, updates disabled
2026-09-16 19:37:24,656 [file_manager.py:get_file_list()] - Updating File List <gcodes>...
2026-09-16 19:41:42,559 [common.py:build_error()] - JSON-RPC Request Error - Requested Method: machine.device_power.off, Code: -32601, Message: Method not found
2026-09-16 19:43:44,686 [application.py:log_request()] - 101 GET /websocket (192.168.1.52 via 127.0.0.1) [_TRUSTED_USER_] 3.39ms
2026-09-16 19:43:44,686 [websockets.py:open()] - Websocket Opened: ID: 547981930704, Proxied: True, User Agent: Mozilla/5.0 (Windows NT 10.0; Win64; x64) AppleWebKit/537.36 (KHTML, like Gecko) Chrome/153.0.0.0 Safari/537.36 Edg/153.0.0.0, Host Name: 192.168.1.43
2026-09-16 19:43:44,703 [websockets.py:_handle_identify()] - Websocket 547981930704 Client Identified - Name: mainsail, Version: 2.18.2, Type: web
2026-09-16 19:45:53,866 [common.py:build_error()] - JSON-RPC Request Error - Requested Method: machine.device_power.on, Code: -32601, Message: Method not found
2026-09-16 19:47:08,151 [application.py:prepare()] - Upload Request Received from 192.168.1.52
Content-Type: multipart/form-data; boundary=----WebKitFormBoundaryAzCjXL2vuUBKCVBt
2026-09-16 19:47:08,175 [application.py:post()] - Processing Uploaded File: printer.cfg
2026-09-16 19:47:08,181 [application.py:log_request()] - 201 POST /server/files/upload (192.168.1.52 via 127.0.0.1) [_TRUSTED_USER_] 31.72ms
2026-09-16 19:47:09,316 [klippy_connection.py:_on_connection_closed()] - Klippy Connection Removed
2026-09-16 19:47:09,427 [common.py:build_error()] - JSON-RPC Request Error - Requested Method: printer.info, Code: 503, Message: Klippy Host not connected
2026-09-16 19:47:10,573 [klippy_connection.py:_do_connect()] - Klippy Connection Established
2026-09-16 19:47:18,766 [file_manager.py:get_file_list()] - Updating File List <gcodes>...
2026-09-16 19:47:19,083 [klippy_connection.py:_request_initial_subscriptions()] - Webhooks Subscribed
2026-09-16 19:47:19,085 [klippy_connection.py:_request_initial_subscriptions()] - GCode Output Subscribed
2026-09-16 19:47:19,269 [job_state.py:_handle_started()] - Job state initialized: standby
2026-09-16 19:47:19,546 [klippy_connection.py:_check_ready()] - Klippy ready
2026-09-16 19:47:20,278 [data_store.py:_init_sensors()] - Configuring available sensors: ['temperature_sensor cartographer_coil', 'temperature_sensor cartographer', 'temperature_sensor chamber', 'heater_bed', 'temperature_fan cm4_fan', 'temperature_fan enclosure_fan', 'extruder', 'extruder1', 'extruder2', 'extruder3', 'extruder4']
2026-09-16 19:50:14,402 [klippy_connection.py:_process_status_update()] - Klippy has shutdown
2026-09-16 19:50:14,411 [proc_stats.py:_handle_shutdown()] - 
Moonraker System Usage Statistics:
System Time: 1789562984.644853, Usage: 1.54%, Memory: 72464 kB
System Time: 1789562985.646081, Usage: 1.47%, Memory: 72464 kB
System Time: 1789562986.645846, Usage: 1.38%, Memory: 72464 kB
System Time: 1789562987.647635, Usage: 1.38%, Memory: 72464 kB
System Time: 1789562988.645192, Usage: 1.47%, Memory: 72464 kB
System Time: 1789562989.650932, Usage: 1.35%, Memory: 72464 kB
System Time: 1789562990.648420, Usage: 1.7%, Memory: 72464 kB
System Time: 1789562991.651081, Usage: 1.41%, Memory: 72464 kB
System Time: 1789562992.654188, Usage: 2.52%, Memory: 72464 kB
System Time: 1789562993.652703, Usage: 1.73%, Memory: 72464 kB
System Time: 1789562994.649717, Usage: 1.56%, Memory: 72464 kB
System Time: 1789562995.652946, Usage: 1.72%, Memory: 72464 kB
System Time: 1789562996.650503, Usage: 1.34%, Memory: 72464 kB
System Time: 1789562997.652183, Usage: 1.42%, Memory: 72464 kB
System Time: 1789562998.651493, Usage: 1.55%, Memory: 72464 kB
System Time: 1789562999.656276, Usage: 1.37%, Memory: 72464 kB
System Time: 1789563000.657450, Usage: 1.55%, Memory: 72464 kB
System Time: 1789563001.662581, Usage: 1.4%, Memory: 72464 kB
System Time: 1789563002.660175, Usage: 2.94%, Memory: 72464 kB
System Time: 1789563003.661237, Usage: 1.88%, Memory: 72464 kB
System Time: 1789563004.658632, Usage: 2.95%, Memory: 72464 kB
System Time: 1789563005.660329, Usage: 0.62%, Memory: 72464 kB
System Time: 1789563006.660116, Usage: 0.68%, Memory: 72464 kB
System Time: 1789563007.660917, Usage: 0.61%, Memory: 72464 kB
System Time: 1789563008.661890, Usage: 0.59%, Memory: 72464 kB
System Time: 1789563009.665114, Usage: 0.61%, Memory: 72464 kB
System Time: 1789563010.664124, Usage: 0.74%, Memory: 72464 kB
System Time: 1789563011.665112, Usage: 0.57%, Memory: 72464 kB
System Time: 1789563012.669116, Usage: 2.15%, Memory: 72464 kB
System Time: 1789563013.666932, Usage: 1.65%, Memory: 72464 kB
CPU Temperature: 51.608
2026-09-16 19:50:14,416 [proc_stats.py:_handle_shutdown()] - Throttled Flags: 
2026-09-16 19:50:46,015 [websockets.py:on_close()] - Websocket Closed: ID: 547982092304 Close Code: None, Close Reason: None, Pong Time Elapsed: 2.46
2026-09-16 19:50:47,013 [server.py:_handle_term_signal()] - Exiting with signal SIGTERM
2026-09-16 19:50:47,126 [websockets.py:on_close()] - Websocket Closed: ID: 547723670096 Close Code: 1001, Close Reason: Server Shutdown, Pong Time Elapsed: 4.74
2026-09-16 19:50:47,127 [websockets.py:on_close()] - Websocket Closed: ID: 547981930704 Close Code: 1001, Close Reason: Server Shutdown, Pong Time Elapsed: 2.40
2026-09-16 19:50:47,129 [klippy_connection.py:_on_connection_closed()] - Klippy Connection Removed
2026-09-16 19:50:47,148 [server.py:main()] - Server Shutdown
-------------------- Log Start | Wed Sep 16 12:50:58 2026 --------------------
platform: Linux-6.12.96+rpt-rpi-v8-aarch64-with-glibc2.36
data_path: /home/voron/printer_data
is_default_data_path: False
config_file: /home/voron/printer_data/config/moonraker.conf
backup_config: /home/voron/printer_data/config/.moonraker.conf.bkp
startup_warnings: []
verbose: False
debug: False
asyncio_debug: False
is_backup_config: False
is_python_package: True
instance_uuid: 7d972c9d76ca4cd8b3b863091135e2a6
unix_socket_path: /home/voron/printer_data/comms/moonraker.sock
structured_logging: False
software_version: v0.11.0-0-g985c1d0
git_branch: master
git_remote: origin
git_repo_url: https://github.com/Arksine/moonraker.git
modified_files: []
unofficial_components: []
log_file: /home/voron/printer_data/logs/moonraker.log
python_version: 3.11.2 (main, May 12 2026, 05:17:27) [GCC 12.2.0]
launch_args: /home/voron/moonraker-env/bin/python /home/voron/moonraker/moonraker/__main__.py
msgspec_enabled: True
uvloop_enabled: True
2026-09-16 19:50:58,371 [confighelper.py:read_file()] - Configuration File '/home/voron/printer_data/config/moonraker.conf' parsed, total size: 3087 B
2026-09-16 19:50:58,371 [server.py:add_log_rollover_item()] - 
#################### Moonraker Configuration ####################

[server]
host = 0.0.0.0
port = 7125
klippy_uds_address = ~/printer_data/comms/klippy.sock

[authorization]
trusted_clients = 
	192.168.0.0/16
	100.64.0.0/10
	10.0.0.0/8
	127.0.0.0/8
	169.254.0.0/16
	172.16.0.0/12
	fd7a:115c:a1e0::/48
	FE80::/10
	::1/128
cors_domains = 
	*.lan
	*.local
	*.local:*
	*://localhost
	*://localhost:*
	*://my.mainsail.xyz
	*://app.fluidd.xyz

[octoprint_compat]

[history]

[update_manager]
channel = dev
refresh_interval = 168

[update_manager mainsail]
path = ~/mainsail
repo = mainsail-crew/mainsail
channel = stable
type = web

[update_manager mainsail-config]
managed_services = klipper
origin = https://github.com/mainsail-crew/mainsail-config.git
path = ~/mainsail-config
primary_branch = master
type = git_repo

[update_manager KlipperScreen]
install_script = scripts/KlipperScreen-install.sh
requirements = scripts/KlipperScreen-requirements.txt
env = ~/.KlipperScreen-env/bin/python
managed_services = KlipperScreen
origin = https://github.com/KlipperScreen/KlipperScreen.git
path = ~/KlipperScreen
type = git_repo

[update_manager crowsnest]
type = git_repo
path = ~/crowsnest
origin = https://github.com/mainsail-crew/crowsnest.git
managed_services = crowsnest
install_script = tools/pkglist.sh

[update_manager sonar]
type = git_repo
path = ~/sonar
origin = https://github.com/mainsail-crew/sonar.git
primary_branch = main
managed_services = sonar
install_script = tools/install.sh

[update_manager timelapse]
type = git_repo
primary_branch = main
path = ~/moonraker-timelapse
origin = https://github.com/mainsail-crew/moonraker-timelapse.git
managed_services = klipper moonraker

[update_manager cartographer_plugin]
type = python
channel = stable
virtualenv = ~/klippy-env
project_name = cartographer3d-plugin
is_system_service = False
managed_services = klipper
info_tags = desc=Cartographer Plugin

[update_manager Klippain-ShakeTune]
type = git_repo
origin = https://github.com/Frix-x/klippain-shaketune.git
path = ~/klippain_shaketune
virtualenv = ~/klippy-env
requirements = requirements.txt
system_dependencies = system-dependencies.json
primary_branch = main
managed_services = klipper

[update_manager klipper-toolchanger-easy]
type = git_repo
path = ~/klipper-toolchanger-easy
origin = https://github.com/jwellman80/klipper-toolchanger-easy.git
managed_services = klipper
primary_branch = main

[update_manager All-Config-Voron]
type = git_repo
path = ~/All-Config-Voron
origin = https://github.com/IDcrazy123/All-Config-Voron.git
primary_branch = main
managed_services = klipper
install_script = config/scripts/install.sh

[update_manager tool-xy-vision]
type = git_repo
path = /home/voron/tool-xy-vision
origin = https://github.com/IDcrazy123/Klipper-Camera-Vision.git
primary_branch = main
is_system_service = True
managed_services = tool-xy-vision
install_script = scripts/install.sh

#################################################################
All Configuration Files:
/home/voron/printer_data/config/moonraker.conf
#################################################################
2026-09-16 19:50:58,528 [server.py:load_component()] - Component (secrets) loaded
2026-09-16 19:50:58,537 [server.py:load_component()] - Component (template) loaded
2026-09-16 19:50:58,545 [server.py:load_component()] - Component (klippy_connection) loaded
2026-09-16 19:50:59,510 [application.py:__init__()] - Detected Tornado Version 6.5.8
2026-09-16 19:50:59,513 [server.py:load_component()] - Component (application) loaded
2026-09-16 19:50:59,546 [server.py:load_component()] - Component (websockets) loaded
2026-09-16 19:50:59,575 [server.py:add_log_rollover_item()] - Loading Sqlite database provider. Sqlite Version: 3.40.1
2026-09-16 19:50:59,586 [server.py:add_log_rollover_item()] - Unsafe Shutdown Count: 285
2026-09-16 19:50:59,591 [server.py:load_component()] - Component (database) loaded
2026-09-16 19:50:59,753 [server.py:load_component()] - Component (dbus_manager) loaded
2026-09-16 19:50:59,860 [file_manager.py:__init__()] - Using File System Observer: inotify
2026-09-16 19:50:59,901 [server.py:load_component()] - Component (file_manager) loaded
2026-09-16 19:50:59,929 [database.py:register_table()] - Found registered table authorized_users
2026-09-16 19:50:59,933 [authorization.py:__init__()] - Authorization Configuration Loaded
Trusted Clients:
192.168.0.0/16
100.64.0.0/10
10.0.0.0/8
127.0.0.0/8
169.254.0.0/16
172.16.0.0/12
fd7a:115c:a1e0::/48
fe80::/10
::1/128
CORS Domains:
.*\.lan
.*\.local
.*\.local:.*
.*://localhost
.*://localhost:.*
.*://my\.mainsail\.xyz
.*://app\.fluidd\.xyz
2026-09-16 19:50:59,940 [server.py:load_component()] - Component (authorization) loaded
2026-09-16 19:50:59,949 [server.py:load_component()] - Component (klippy_apis) loaded
2026-09-16 19:51:00,104 [server.py:add_log_rollover_item()] - 
System Info:

***python***
  version: (3, 11, 2, 'final', 0)
  version_string: 3.11.2 (main, May 12 2026, 05:17:27) [GCC 12.2.0]

***cpu_info***
  cpu_count: 4
  bits: 64bit
  processor: aarch64
  cpu_desc: 
  serial_number: 100000002b49334b
  hardware_desc: 
  model: Raspberry Pi Compute Module 4 Rev 1.1
  total_memory: 3701868
  memory_units: kB

***sd_info***
  manufacturer_id: 15
  manufacturer: Unknown
  oem_id: 0100
  product_name: BJTD4
  product_revision: 5.2
  serial_number: 00769dca
  manufacturer_date: 6/2181
  capacity: Unknown
  total_bytes: 0

***distribution***
  name: Debian GNU/Linux 12 (bookworm)
  id: debian
  version: 12
  version_parts: {'major': '12', 'minor': '', 'build_number': ''}
  like: 
  codename: bookworm
  release_info: {'name': 'MainsailOS', 'version_id': '2.2.2', 'codename': 'bookworm', 'id': 'mainsailos'}
  kernel_version: 6.12.96+rpt-rpi-v8

***virtualization***
  virt_type: none
  virt_identifier: none

***network***

***canbus***

***Allowed Services***
  klipper_mcu
  webcamd
  MoonCord
  KlipperScreen
  moonraker-telegram-bot
  moonraker-obico
  sonar
  crowsnest
  octoeverywhere
  ratos-configurator
  axiscope
2026-09-16 19:51:00,107 [server.py:load_component()] - Component (shell_command) loaded
2026-09-16 19:51:00,108 [machine.py:__init__()] - Using System Provider: systemd_dbus
2026-09-16 19:51:00,299 [server.py:add_log_rollover_item()] - Found libcamera Python module, version: v0.5.2+99-bfd68f78
2026-09-16 19:51:00,300 [server.py:load_component()] - Component (machine) loaded
2026-09-16 19:51:00,305 [server.py:load_component()] - Component (data_store) loaded
2026-09-16 19:51:00,309 [proc_stats.py:__init__()] - Detected 'vcgencmd', throttle checking enabled
2026-09-16 19:51:00,310 [proc_stats.py:_get_cpu_thermal_file()] - Monitoring temperature for Raspberry Pi CPU
2026-09-16 19:51:00,311 [server.py:load_component()] - Component (proc_stats) loaded
2026-09-16 19:51:00,314 [server.py:load_component()] - Component (job_state) loaded
2026-09-16 19:51:00,320 [server.py:load_component()] - Component (job_queue) loaded
2026-09-16 19:51:00,324 [database.py:register_table()] - Found registered table job_history
2026-09-16 19:51:00,325 [database.py:register_table()] - Found registered table job_totals
2026-09-16 19:51:00,327 [server.py:load_component()] - Component (history) loaded
2026-09-16 19:51:00,343 [server.py:load_component()] - Component (http_client) loaded
2026-09-16 19:51:00,353 [server.py:load_component()] - Component (announcements) loaded
2026-09-16 19:51:00,360 [server.py:load_component()] - Component (webcam) loaded
2026-09-16 19:51:00,367 [server.py:load_component()] - Component (extensions) loaded
2026-09-16 19:51:00,531 [base_deploy.py:log_info()] - Git Repo moonraker: Detected virtualenv: /home/voron/moonraker-env
2026-09-16 19:51:00,537 [base_deploy.py:log_info()] - Git Repo klipper: Detected virtualenv: /home/voron/klippy-env
2026-09-16 19:51:00,548 [base_deploy.py:log_info()] - Git Repo KlipperScreen: Option 'env' is deprecated, use 'virtualenv' instead.
2026-09-16 19:51:00,549 [base_deploy.py:log_info()] - Git Repo KlipperScreen: Detected virtualenv: /home/voron/.KlipperScreen-env
2026-09-16 19:51:00,562 [base_deploy.py:log_info()] - Python Package cartographer_plugin: Detected virtualenv: /home/voron/klippy-env
2026-09-16 19:51:00,649 [source_info.py:_load_release_info_json()] - Package cartographer3d_plugin-1.9.0.dist-info: Detected release_info json file
2026-09-16 19:51:00,655 [base_deploy.py:log_info()] - Python Package cartographer_plugin: Unable to find changelog url in metadata
2026-09-16 19:51:00,660 [sysdeps_parser.py:parse_dependencies()] - Dependency data has no package definition for linux distro 'debian'
2026-09-16 19:51:00,665 [base_deploy.py:log_info()] - Git Repo Klippain-ShakeTune: Detected virtualenv: /home/voron/klippy-env
2026-09-16 19:51:00,682 [server.py:add_warning()] - [update_manager tool-xy-vision]: Moonraker is not permitted to restart service 'tool-xy-vision'.  To enable management of this service add tool-xy-vision to the bottom of the file /home/voron/printer_data/moonraker.asvc.  To disable management for this service set 'is_system_service: False' in the configuration for this section.
2026-09-16 19:51:00,687 [server.py:load_component()] - Component (update_manager) loaded
2026-09-16 19:51:00,694 [server.py:load_component()] - Component (octoprint_compat) loaded
2026-09-16 19:51:00,695 [server.py:_initialize_component()] - Performing Component Post Init: [database]
2026-09-16 19:51:00,714 [server.py:_initialize_component()] - Performing Component Post Init: [dbus_manager]
2026-09-16 19:51:00,728 [server.py:_initialize_component()] - Performing Component Post Init: [authorization]
2026-09-16 19:51:00,732 [server.py:_initialize_component()] - Performing Component Post Init: [machine]
2026-09-16 19:51:00,734 [machine.py:validation_init()] - Installation version in database up to date
2026-09-16 19:51:01,236 [machine.py:check_virt_status()] - No Virtualization Detected
2026-09-16 19:51:01,296 [machine.py:_find_public_ip()] - Detected Local IP: 192.168.1.43
2026-09-16 19:51:01,298 [webcam.py:_set_default_host_ip()] - Default public webcam address set: http://192.168.1.43
2026-09-16 19:51:01,375 [server.py:add_log_rollover_item()] - 
Systemd unit moonraker.service:
unit_name: moonraker.service
is_default: True
manager: systemd
Properties:
**Requires=['sysinit.target', 'system.slice', 'network-online.target']
**After=['network-online.target', 'klipper.service', 'basic.target', 'sysinit.target', 'system.slice', 'systemd-journald.socket']
**SupplementaryGroups=['moonraker-admin']
**EnvironmentFiles=/home/voron/printer_data/systemd/moonraker.env
**ExecStart=/home/voron/moonraker-env/bin/python $MOONRAKER_ARGS
**WorkingDirectory=
**FragmentPath=/etc/systemd/system/moonraker.service
**Description=API Server for Klipper SV1
**User=voron
2026-09-16 19:51:01,375 [server.py:_initialize_component()] - Performing Component Post Init: [proc_stats]
2026-09-16 19:51:01,375 [server.py:_initialize_component()] - Performing Component Post Init: [history]
2026-09-16 19:51:01,450 [server.py:_initialize_component()] - Performing Component Post Init: [announcements]
2026-09-16 19:51:01,454 [server.py:_initialize_component()] - Performing Component Post Init: [webcam]
2026-09-16 19:51:01,454 [webcam.py:_set_default_host_ip()] - Default public webcam address set: http://192.168.1.43
2026-09-16 19:51:01,460 [server.py:_initialize_component()] - Performing Component Post Init: [klippy_connection]
2026-09-16 19:51:01,461 [server.py:add_log_rollover_item()] - 
Systemd unit klipper.service:
unit_name: klipper.service
is_default: True
manager: systemd
Properties:
**Requires=['sysinit.target', '-.mount', 'system.slice']
**After=['basic.target', 'system.slice', '-.mount', 'network-online.target', 'sysinit.target', 'systemd-journald.socket']
**SupplementaryGroups=[]
**EnvironmentFiles=/home/voron/printer_data/systemd/klipper.env
**ExecStart=/home/voron/klippy-env/bin/python $KLIPPER_ARGS
**WorkingDirectory=/home/voron/klipper
**FragmentPath=/etc/systemd/system/klipper.service
**Description=Klipper 3D Printer Firmware SV1
**User=voron
2026-09-16 19:51:01,461 [server.py:_initialize_component()] - Performing Component Post Init: [update_manager]
2026-09-16 19:51:01,995 [base_deploy.py:log_info()] - PackageDeploy: PackageKit Provider Configured
2026-09-16 19:51:01,996 [base_deploy.py:log_info()] - Git Repo moonraker: Pip Version: 25.2, Python Version: 3.11
Last checked on 2026-08-29 10:20:17.481566+00:00
2026-09-16 19:51:01,998 [git_deploy.py:log_repo_info()] - Git Repo moonraker Detected:
Owner: Arksine
Repository Name: moonraker
Path: /home/voron/moonraker
Remote: origin
Branch: master
Remote URL: https://github.com/Arksine/moonraker.git
Recovery URL: https://github.com/Arksine/moonraker.git
Current Commit SHA: 985c1d0bbeb90bc057d34a232c9dc3b05e0c6c8d
Upstream Commit SHA: 1cfb0c41e468645951a371621f06d32777b6107c
Current Version: v0.11.0-0-g985c1d0b
Upstream Version: v0.11.0-1-g1cfb0c41
Rollback Commit: d5ee17128bb88434aacdab90c2e9e990e2b64e4a
Rollback Branch: master
Rollback Version: v0.10.0-31-gd5ee1712
Is Dirty: False
Is Detached: False
Is Shallow: False
Commits Behind Count: 1
Diverged: False
Pinned Commit: None
Repo Warnings:
  Repo has untracked source files: ['moonraker/components/timelapse.py']
2026-09-16 19:51:02,003 [base_deploy.py:log_info()] - Git Repo klipper: Pip Version: 26.1.2, Python Version: 3.11
Last checked on 2026-08-20 10:26:03.516278+00:00
2026-09-16 19:51:02,006 [git_deploy.py:log_repo_info()] - Git Repo klipper Detected:
Owner: Klipper3d
Repository Name: klipper
Path: /home/voron/klipper
Remote: origin
Branch: master
Remote URL: https://github.com/Klipper3d/klipper.git
Recovery URL: https://github.com/Klipper3d/klipper.git
Current Commit SHA: 60fc7aa67a8da9abb43a2bad825d4992294ebf3f
Upstream Commit SHA: 2d7717e3b62ea2fe3401b27f54f8681f80451c69
Current Version: v0.13.0-740-g60fc7aa6
Upstream Version: v0.13.0-756-g2d7717e3
Rollback Commit: d6ea62542d3f14a1faf55305c85ed0cbe361a233
Rollback Branch: master
Rollback Version: v0.13.0-700-gd6ea6254
Is Dirty: False
Is Detached: False
Is Shallow: False
Commits Behind Count: 16
Diverged: False
Pinned Commit: None
Repo Warnings:
  Repo has untracked source files: ['klippy/extras/axiscope.py', 'klippy/extras/bed_thermal_adjust.py', 'klippy/extras/ktamv.py', 'klippy/extras/ktamv_utl.py', 'klippy/extras/manual_rail.py', 'klippy/extras/multi_fan.py', 'klippy/extras/rounded_path.py', 'klippy/extras/tool.py', 'klippy/extras/tool_crash.py', 'klippy/extras/tool_probe.py', 'klippy/extras/tool_probe_endstop.py', 'klippy/extras/toolchanger.py', 'klippy/extras/tools_calibrate.py']
2026-09-16 19:51:02,016 [base_deploy.py:log_info()] - Web Client mainsail: Detected
Repo: mainsail-crew/mainsail
Channel: stable
Path: /home/voron/mainsail
Local Version: v2.18.2
Remote Version: v2.19.0
Valid: True
Fallback Detected: False
Pre-release: False
Download Url: https://github.com/mainsail-crew/mainsail/releases/download/v2.19.0/mainsail.zip
Download Size: 3137812
Content Type: application/zip
Rollback Version: v2.18.0
Rollback Repo: mainsail-crew/mainsail
2026-09-16 19:51:02,018 [git_deploy.py:log_repo_info()] - Git Repo mainsail-config Detected:
Owner: mainsail-crew
Repository Name: mainsail-config
Path: /home/voron/mainsail-config
Remote: origin
Branch: master
Remote URL: https://github.com/mainsail-crew/mainsail-config.git
Recovery URL: https://github.com/mainsail-crew/mainsail-config.git
Current Commit SHA: ff3869a621db17ce3ef660adbbd3fa321995ac42
Upstream Commit SHA: ff3869a621db17ce3ef660adbbd3fa321995ac42
Current Version: v1.2.1-1-gff3869a6
Upstream Version: v1.2.1-1-gff3869a6
Rollback Commit: ff3869a621db17ce3ef660adbbd3fa321995ac42
Rollback Branch: master
Rollback Version: v1.2.1-1-gff3869a6
Is Dirty: False
Is Detached: False
Is Shallow: False
Commits Behind Count: 0
Diverged: False
Pinned Commit: None
2026-09-16 19:51:02,019 [base_deploy.py:log_info()] - Git Repo KlipperScreen: Pip Version: 25.2, Python Version: 3.11
Last checked on 2026-08-20 10:25:19.039764+00:00
2026-09-16 19:51:02,020 [git_deploy.py:log_repo_info()] - Git Repo KlipperScreen Detected:
Owner: KlipperScreen
Repository Name: KlipperScreen
Path: /home/voron/KlipperScreen
Remote: origin
Branch: master
Remote URL: https://github.com/KlipperScreen/KlipperScreen.git
Recovery URL: https://github.com/KlipperScreen/KlipperScreen.git
Current Commit SHA: fbe7451c8177bb091d225fbdf248cf9c885ab6b8
Upstream Commit SHA: 3791fdf749df20c2a32fc43818749aa9f1754a9f
Current Version: v0.4.7-166-gfbe7451c
Upstream Version: v0.4.7-183-g3791fdf7
Rollback Commit: 686d106a27e613b318f864a310e1ed53990b9d42
Rollback Branch: master
Rollback Version: v0.4.7-158-g686d106a
Is Dirty: False
Is Detached: False
Is Shallow: False
Commits Behind Count: 17
Diverged: False
Pinned Commit: None
2026-09-16 19:51:02,022 [git_deploy.py:log_repo_info()] - Git Repo crowsnest Detected:
Owner: mainsail-crew
Repository Name: crowsnest
Path: /home/voron/crowsnest
Remote: origin
Branch: master
Remote URL: https://github.com/mainsail-crew/crowsnest.git
Recovery URL: https://github.com/mainsail-crew/crowsnest.git
Current Commit SHA: cf936dabdcf6a3d1eb0138d8eea9044745b40db6
Upstream Commit SHA: cf936dabdcf6a3d1eb0138d8eea9044745b40db6
Current Version: v4.2.0-1-gcf936dab
Upstream Version: v4.2.0-1-gcf936dab
Rollback Commit: 059fa8775f60503f7aca4bb4812795997b35b142
Rollback Branch: master
Rollback Version: v4.1.16-1-g059fa877
Is Dirty: False
Is Detached: False
Is Shallow: False
Commits Behind Count: 0
Diverged: False
Pinned Commit: None
2026-09-16 19:51:02,025 [git_deploy.py:log_repo_info()] - Git Repo sonar Detected:
Owner: mainsail-crew
Repository Name: sonar
Path: /home/voron/sonar
Remote: origin
Branch: main
Remote URL: https://github.com/mainsail-crew/sonar.git
Recovery URL: https://github.com/mainsail-crew/sonar.git
Current Commit SHA: 0d1d7c89bbb97fb5f54c80f7814ef322c24d6e45
Upstream Commit SHA: 0d1d7c89bbb97fb5f54c80f7814ef322c24d6e45
Current Version: v0.2.0-1-g0d1d7c89
Upstream Version: v0.2.0-1-g0d1d7c89
Rollback Commit: 3fe23fef07dbc19a9b66bdd111bbd1d574d19955
Rollback Branch: main
Rollback Version: v0.2.0-0-g3fe23fef
Is Dirty: False
Is Detached: False
Is Shallow: False
Commits Behind Count: 0
Diverged: False
Pinned Commit: None
2026-09-16 19:51:02,030 [git_deploy.py:log_repo_info()] - Git Repo timelapse Detected:
Owner: mainsail-crew
Repository Name: moonraker-timelapse
Path: /home/voron/moonraker-timelapse
Remote: origin
Branch: main
Remote URL: https://github.com/mainsail-crew/moonraker-timelapse.git
Recovery URL: https://github.com/mainsail-crew/moonraker-timelapse.git
Current Commit SHA: c7fff11e542b95e0e15b8bb1443cea8159ac0274
Upstream Commit SHA: c7fff11e542b95e0e15b8bb1443cea8159ac0274
Current Version: v0.0.1-143-gc7fff11e
Upstream Version: v0.0.1-143-gc7fff11e
Rollback Commit: c7fff11e542b95e0e15b8bb1443cea8159ac0274
Rollback Branch: main
Rollback Version: v0.0.1-143-gc7fff11e
Is Dirty: False
Is Detached: False
Is Shallow: False
Commits Behind Count: 0
Diverged: False
Pinned Commit: None
2026-09-16 19:51:02,031 [base_deploy.py:log_info()] - Python Package cartographer_plugin: Pip Version: 26.1.2, Python Version: 3.11
Last checked on 2026-08-20 09:56:36.833274+00:00
2026-09-16 19:51:02,032 [python_deploy.py:_log_package_info()] - Python Package cartographer_plugin detected:
Channel: stable
Package Source: PIP
Repo Owner: Cartographer3D
Repo Name: cartographer3d-plugin
Repo URL: https://github.com/Cartographer3D/cartographer3d-plugin
Changelog URL: 
Full Version String: 1.9.0
Current Version: 1.9.0
Current Commit SHA: 
Upstream Version: 1.9.0
Upstream Commit SHA: 
Converted Git Version: 1.9.0-0
Rollback Version: 1.8.0
Rollback Ref: 1.8.0

2026-09-16 19:51:02,039 [git_deploy.py:log_repo_info()] - Git Repo Klippain-ShakeTune Detected:
Owner: Frix-x
Repository Name: klippain-shaketune
Path: /home/voron/klippain_shaketune
Remote: origin
Branch: main
Remote URL: https://github.com/Frix-x/klippain-shaketune.git
Recovery URL: https://github.com/Frix-x/klippain-shaketune.git
Current Commit SHA: 354ee4be6db218715239f7b9411c2c37fdea23dd
Upstream Commit SHA: 354ee4be6db218715239f7b9411c2c37fdea23dd
Current Version: v6.0.0-0-g354ee4be
Upstream Version: v6.0.0-0-g354ee4be
Rollback Commit: 354ee4be6db218715239f7b9411c2c37fdea23dd
Rollback Branch: main
Rollback Version: v6.0.0-0-g354ee4be
Is Dirty: False
Is Detached: False
Is Shallow: False
Commits Behind Count: 0
Diverged: False
Pinned Commit: None
2026-09-16 19:51:02,042 [git_deploy.py:log_repo_info()] - Git Repo klipper-toolchanger-easy Detected:
Owner: jwellman80
Repository Name: klipper-toolchanger-easy
Path: /home/voron/klipper-toolchanger-easy
Remote: origin
Branch: main
Remote URL: https://github.com/jwellman80/klipper-toolchanger-easy.git
Recovery URL: https://github.com/jwellman80/klipper-toolchanger-easy.git
Current Commit SHA: e881fe40949a3999b0d63f59c22df589474eae9b
Upstream Commit SHA: e881fe40949a3999b0d63f59c22df589474eae9b
Current Version: v0.0.0-258-ge881fe40-inferred
Upstream Version: v0.0.0-258-inferred
Rollback Commit: bc2b5c4c466d2f57233ac844371936b290eb4b9a
Rollback Branch: main
Rollback Version: v0.0.0-252-gbc2b5c4c-inferred
Is Dirty: False
Is Detached: False
Is Shallow: False
Commits Behind Count: 0
Diverged: False
Pinned Commit: None
2026-09-16 19:51:02,046 [git_deploy.py:log_repo_info()] - Git Repo All-Config-Voron Detected:
Owner: IDcrazy123
Repository Name: All-Config-Voron
Path: /home/voron/All-Config-Voron
Remote: origin
Branch: main
Remote URL: https://github.com/IDcrazy123/All-Config-Voron.git
Recovery URL: https://github.com/IDcrazy123/All-Config-Voron.git
Current Commit SHA: c690f4681f87c948b3cd28745242d80a3afe69eb
Upstream Commit SHA: c690f4681f87c948b3cd28745242d80a3afe69eb
Current Version: v0.0.0-284-gc690f468-inferred
Upstream Version: v0.0.0-284-inferred
Rollback Commit: 0f8d05944ce01705b07210f3e1b5beb500301a94
Rollback Branch: main
Rollback Version: v0.0.0-264-g0f8d0594-inferred
Is Dirty: False
Is Detached: False
Is Shallow: False
Commits Behind Count: 0
Diverged: False
Pinned Commit: None
2026-09-16 19:51:02,050 [git_deploy.py:log_repo_info()] - Git Repo tool-xy-vision Detected:
Owner: IDcrazy123
Repository Name: Klipper-Camera-Vision
Path: /home/voron/tool-xy-vision
Remote: origin
Branch: main
Remote URL: https://github.com/IDcrazy123/Klipper-Camera-Vision.git
Recovery URL: https://github.com/IDcrazy123/Klipper-Camera-Vision.git
Current Commit SHA: 83c3f124f3d83b3770d1926e32bfb65c5d274618
Upstream Commit SHA: af95c80e96f6c73ab618f6a82e944aca6361516c
Current Version: v0.0.0-7-g83c3f124-dirty-inferred
Upstream Version: v0.0.0-8-inferred
Rollback Commit: 83c3f124f3d83b3770d1926e32bfb65c5d274618
Rollback Branch: main
Rollback Version: v0.0.0-7-g83c3f124-dirty-inferred
Is Dirty: True
Is Detached: False
Is Shallow: False
Commits Behind Count: 1
Diverged: False
Pinned Commit: None
Repo Warnings:
  Repo is dirty.  Detected the following modified files: ['klippy/extras/tool_xy_vision/adapters/klipper_toolchanger.py', 'klippy/extras/tool_xy_vision/commands.py', 'klippy/extras/tool_xy_vision/navigator.py', 'scripts/doctor.py']
2026-09-16 19:51:02,051 [base_deploy.py:log_info()] - PackageKit: Next refresh in: 3 Days, 22 Hours, 11 Minutes
2026-09-16 19:51:02,051 [base_deploy.py:log_info()] - Git Repo moonraker: Next refresh in: 3 Days, 22 Hours, 11 Minutes, 1 Second
2026-09-16 19:51:02,051 [base_deploy.py:log_info()] - Git Repo klipper: Next refresh in: 3 Days, 22 Hours, 11 Minutes, 3 Seconds
2026-09-16 19:51:02,051 [base_deploy.py:log_info()] - Web Client mainsail: Next refresh in: 3 Days, 22 Hours, 11 Minutes, 3 Seconds
2026-09-16 19:51:02,051 [base_deploy.py:log_info()] - Git Repo mainsail-config: Next refresh in: 3 Days, 22 Hours, 11 Minutes, 5 Seconds
2026-09-16 19:51:02,051 [base_deploy.py:log_info()] - Git Repo KlipperScreen: Next refresh in: 3 Days, 22 Hours, 11 Minutes, 6 Seconds
2026-09-16 19:51:02,051 [base_deploy.py:log_info()] - Git Repo crowsnest: Next refresh in: 3 Days, 22 Hours, 11 Minutes, 7 Seconds
2026-09-16 19:51:02,052 [base_deploy.py:log_info()] - Git Repo sonar: Next refresh in: 3 Days, 22 Hours, 11 Minutes, 9 Seconds
2026-09-16 19:51:02,052 [base_deploy.py:log_info()] - Git Repo timelapse: Next refresh in: 3 Days, 22 Hours, 11 Minutes, 10 Seconds
2026-09-16 19:51:02,052 [base_deploy.py:log_info()] - Python Package cartographer_plugin: Next refresh in: 3 Days, 22 Hours, 11 Minutes, 13 Seconds
2026-09-16 19:51:02,052 [base_deploy.py:log_info()] - Git Repo Klippain-ShakeTune: Next refresh in: 3 Days, 22 Hours, 11 Minutes, 14 Seconds
2026-09-16 19:51:02,052 [base_deploy.py:log_info()] - Git Repo klipper-toolchanger-easy: Next refresh in: 3 Days, 22 Hours, 11 Minutes, 15 Seconds
2026-09-16 19:51:02,052 [base_deploy.py:log_info()] - Git Repo All-Config-Voron: Next refresh in: 3 Days, 22 Hours, 11 Minutes, 17 Seconds
2026-09-16 19:51:02,052 [base_deploy.py:log_info()] - Git Repo tool-xy-vision: Next refresh in: 6 Days, 23 Hours, 46 Minutes, 22 Seconds
2026-09-16 19:51:03,737 [extensions.py:start_unix_server()] - Creating Unix Domain Socket at '/home/voron/printer_data/comms/moonraker.sock'
2026-09-16 19:51:03,738 [server.py:start_server()] - Starting Moonraker on (0.0.0.0, 7125), Hostname: voron-local
2026-09-16 19:51:03,738 [application.py:listen()] - SSL Certificate/Key not configured, aborting HTTPS Server startup
2026-09-16 19:51:04,007 [klippy_connection.py:_do_connect()] - Klippy Connection Established
2026-09-16 19:51:04,070 [server.py:add_log_rollover_item()] - 
Systemd unit klipper.service:
unit_name: klipper.service
is_default: True
manager: systemd
Properties:
**Requires=['-.mount', 'sysinit.target', 'system.slice']
**After=['network-online.target', 'basic.target', '-.mount', 'sysinit.target', 'system.slice', 'systemd-journald.socket']
**SupplementaryGroups=[]
**EnvironmentFiles=/home/voron/printer_data/systemd/klipper.env
**ExecStart=/home/voron/klippy-env/bin/python $KLIPPER_ARGS
**WorkingDirectory=/home/voron/klipper
**FragmentPath=/etc/systemd/system/klipper.service
**Description=Klipper 3D Printer Firmware SV1
**User=voron
2026-09-16 19:51:06,547 [server.py:add_log_rollover_item()] - Klipper Version: v0.13.0-740-g60fc7aa67-dirty
2026-09-16 19:51:07,171 [authorization.py:_check_trusted_connection()] - Trusted Connection Detected, IP: 127.0.0.1
2026-09-16 19:51:07,175 [application.py:log_request()] - 101 GET /websocket?token= (127.0.0.1) [_TRUSTED_USER_] 5.98ms
2026-09-16 19:51:07,176 [websockets.py:open()] - Websocket Opened: ID: 548419774480, Proxied: False, User Agent: , Host Name: 127.0.0.1
2026-09-16 19:51:07,224 [websockets.py:_handle_identify()] - Websocket 548419774480 Client Identified - Name: KlipperScreen, Version: v0.4.7-166-gfbe7451, Type: display
2026-09-16 19:51:10,674 [klippy_connection.py:_request_initial_subscriptions()] - Webhooks Subscribed
2026-09-16 19:51:10,676 [klippy_connection.py:_request_initial_subscriptions()] - GCode Output Subscribed
2026-09-16 19:51:10,678 [klippy_connection.py:_check_ready()] - 
Can not update MCU 'mcu' config as it is shutdown
Once the underlying issue is corrected, use the
"FIRMWARE_RESTART" command to reset the firmware, reload the
config, and restart the host software.
Error configuring printer

2026-09-16 19:51:12,294 [authorization.py:_check_trusted_connection()] - Trusted Connection Detected, IP: 192.168.1.52
2026-09-16 19:51:12,295 [application.py:log_request()] - 101 GET /websocket (192.168.1.52 via 127.0.0.1) [_TRUSTED_USER_] 1.97ms
2026-09-16 19:51:12,295 [websockets.py:open()] - Websocket Opened: ID: 548420116880, Proxied: True, User Agent: Mozilla/5.0 (Windows NT 10.0; Win64; x64) AppleWebKit/537.36 (KHTML, like Gecko) Chrome/153.0.0.0 Safari/537.36 Edg/153.0.0.0, Host Name: 192.168.1.43
2026-09-16 19:51:12,299 [websockets.py:_handle_identify()] - Websocket 548420116880 Client Identified - Name: mainsail, Version: 2.18.2, Type: web
2026-09-16 19:51:13,822 [klippy_connection.py:_on_connection_closed()] - Klippy Connection Removed
2026-09-16 19:51:13,857 [common.py:build_error()] - JSON-RPC Request Error - Requested Method: printer.info, Code: 503, Message: Klippy Host not connected
2026-09-16 19:51:31,073 [klippy_connection.py:_do_connect()] - Klippy Connection Established
2026-09-16 19:51:38,879 [file_manager.py:get_file_list()] - Updating File List <gcodes>...
2026-09-16 19:51:39,189 [klippy_connection.py:_request_initial_subscriptions()] - Webhooks Subscribed
2026-09-16 19:51:39,191 [klippy_connection.py:_request_initial_subscriptions()] - GCode Output Subscribed
2026-09-16 19:51:39,424 [job_state.py:_handle_started()] - Job state initialized: standby
2026-09-16 19:51:39,649 [klippy_connection.py:_check_ready()] - Klippy ready
2026-09-16 19:51:40,117 [data_store.py:_init_sensors()] - Configuring available sensors: ['temperature_sensor cartographer_coil', 'temperature_sensor cartographer', 'temperature_sensor chamber', 'heater_bed', 'temperature_fan cm4_fan', 'temperature_fan enclosure_fan', 'extruder', 'extruder1', 'extruder2', 'extruder3', 'extruder4']
